-- phpMyAdmin SQL Dump
-- version 4.1.6
-- http://www.phpmyadmin.net
--
-- Host: 127.0.0.1
-- Generation Time: May 30, 2014 at 03:42 AM
-- Server version: 5.6.16
-- PHP Version: 5.5.9

SET SQL_MODE = "NO_AUTO_VALUE_ON_ZERO";
SET time_zone = "+00:00";


/*!40101 SET @OLD_CHARACTER_SET_CLIENT=@@CHARACTER_SET_CLIENT */;
/*!40101 SET @OLD_CHARACTER_SET_RESULTS=@@CHARACTER_SET_RESULTS */;
/*!40101 SET @OLD_COLLATION_CONNECTION=@@COLLATION_CONNECTION */;
/*!40101 SET NAMES utf8 */;

--
-- Database: `qlpm`
--

-- --------------------------------------------------------

--
-- Table structure for table `chatbox`
--

CREATE TABLE IF NOT EXISTS `chatbox` (
  `AUTONUMBER` int(11) NOT NULL,
  `SENDER` int(10) NOT NULL,
  `NOIDUNG` text NOT NULL,
  `TIMES` datetime NOT NULL,
  PRIMARY KEY (`AUTONUMBER`)
) ENGINE=InnoDB DEFAULT CHARSET=utf8;

-- --------------------------------------------------------

--
-- Table structure for table `lichlamviec`
--

CREATE TABLE IF NOT EXISTS `lichlamviec` (
  `AUTONUMBER` int(11) NOT NULL AUTO_INCREMENT,
  `SENDER` int(10) NOT NULL DEFAULT '1',
  `TIEUDE` varchar(255) NOT NULL,
  `NOIDUNGTHONGBAO` text,
  `TIME` date NOT NULL,
  `BUOI` varchar(10) NOT NULL DEFAULT 'SÁNG',
  `PHONG` int(11) NOT NULL DEFAULT '1',
  `CAT` varchar(20) DEFAULT 'Dạy Học',
  PRIMARY KEY (`AUTONUMBER`)
) ENGINE=InnoDB  DEFAULT CHARSET=utf8 AUTO_INCREMENT=51 ;

--
-- Dumping data for table `lichlamviec`
--

INSERT INTO `lichlamviec` (`AUTONUMBER`, `SENDER`, `TIEUDE`, `NOIDUNGTHONGBAO`, `TIME`, `BUOI`, `PHONG`, `CAT`) VALUES
(1, 1, 'BẢO TRÌ HÀNG NGÀY', 'BẢO TRÌ BỞI SINH VIÊN', '2014-05-11', 'SÁNG', 23, 'Bảo Trì'),
(2, 1, 'BẢO TRÌ HÀNG NGÀY', 'BẢO TRÌ BỞI SINH VIÊN', '2014-05-12', 'SÁNG', 23, 'Bảo Trì'),
(3, 1, 'BẢO TRÌ HÀNG NGÀY', 'BẢO TRÌ BỞI SINH VIÊN', '2014-05-13', 'SÁNG', 23, 'Bảo Trì'),
(4, 1, 'BẢO TRÌ HÀNG NGÀY', 'BẢO TRÌ BỞI SINH VIÊN', '2014-05-14', 'SÁNG', 23, 'Bảo Trì'),
(5, 1, 'BẢO TRÌ HÀNG NGÀY', 'BẢO TRÌ BỞI SINH VIÊN', '2014-05-15', 'SÁNG', 23, 'Bảo Trì'),
(6, 1, 'BẢO TRÌ HÀNG NGÀY', 'BẢO TRÌ BỞI SINH VIÊN', '2014-05-16', 'SÁNG', 23, 'Bảo Trì'),
(7, 1, 'BẢO TRÌ HÀNG NGÀY', 'BẢO TRÌ BỞI SINH VIÊN', '2014-05-17', 'SÁNG', 23, 'Bảo Trì'),
(8, 1, 'BẢO TRÌ HÀNG NGÀY', 'BẢO TRÌ BỞI SINH VIÊN', '2014-05-18', 'SÁNG', 23, 'Bảo Trì'),
(9, 1, 'BẢO TRÌ HÀNG NGÀY', 'BẢO TRÌ BỞI SINH VIÊN', '2014-05-11', 'CHIỀU', 16, 'Bảo Trì'),
(10, 1, 'BẢO TRÌ HÀNG NGÀY', 'BẢO TRÌ BỞI SINH VIÊN', '2014-05-12', 'CHIỀU', 16, 'Bảo Trì'),
(11, 1, 'BẢO TRÌ HÀNG NGÀY', 'BẢO TRÌ BỞI SINH VIÊN', '2014-05-13', 'CHIỀU', 16, 'Bảo Trì'),
(12, 1, 'BẢO TRÌ HÀNG NGÀY', 'BẢO TRÌ BỞI SINH VIÊN', '2014-05-14', 'CHIỀU', 16, 'Bảo Trì'),
(13, 1, 'BẢO TRÌ HÀNG NGÀY', 'BẢO TRÌ BỞI SINH VIÊN', '2014-05-15', 'CHIỀU', 16, 'Bảo Trì'),
(14, 1, 'BẢO TRÌ HÀNG NGÀY', 'BẢO TRÌ BỞI SINH VIÊN', '2014-05-16', 'CHIỀU', 16, 'Bảo Trì'),
(15, 1, 'BẢO TRÌ HÀNG NGÀY', 'BẢO TRÌ BỞI SINH VIÊN', '2014-05-17', 'CHIỀU', 16, 'Bảo Trì'),
(16, 1, 'BẢO TRÌ HÀNG NGÀY', 'BẢO TRÌ BỞI SINH VIÊN', '2014-05-18', 'CHIỀU', 16, 'Bảo Trì'),
(17, 1, 'BẢO TRÌ HÀNG NGÀY', 'BẢO TRÌ BỞI GIÁO VIÊN', '2014-05-11', 'SÁNG', 13, 'Bảo Trì'),
(18, 1, 'BẢO TRÌ HÀNG NGÀY', 'BẢO TRÌ BỞI GIÁO VIÊN', '2014-05-12', 'SÁNG', 13, 'Bảo Trì'),
(19, 1, 'BẢO TRÌ HÀNG NGÀY', 'BẢO TRÌ BỞI GIÁO VIÊN', '2014-05-13', 'SÁNG', 13, 'Bảo Trì'),
(20, 1, 'BẢO TRÌ HÀNG NGÀY', 'BẢO TRÌ BỞI GIÁO VIÊN', '2014-05-14', 'SÁNG', 13, 'Bảo Trì'),
(21, 1, 'BẢO TRÌ HÀNG NGÀY', 'BẢO TRÌ BỞI GIÁO VIÊN', '2014-05-15', 'SÁNG', 13, 'Bảo Trì'),
(22, 1, 'BẢO TRÌ HÀNG NGÀY', 'BẢO TRÌ BỞI GIÁO VIÊN', '2014-05-16', 'SÁNG', 13, 'Bảo Trì'),
(23, 1, 'BẢO TRÌ HÀNG NGÀY', 'BẢO TRÌ BỞI GIÁO VIÊN', '2014-05-17', 'SÁNG', 13, 'Bảo Trì'),
(24, 1, 'BẢO TRÌ HÀNG NGÀY', 'BẢO TRÌ BỞI GIÁO VIÊN', '2014-05-18', 'SÁNG', 13, 'Bảo Trì'),
(25, 1, 'BẢO TRÌ HÀNG NGÀY', 'BẢO TRÌ BỞI GIÁO VIÊN', '2014-05-11', 'CHIỀU', 15, 'Bảo Trì'),
(26, 1, 'BẢO TRÌ HÀNG NGÀY', 'BẢO TRÌ BỞI GIÁO VIÊN', '2014-05-12', 'CHIỀU', 15, 'Bảo Trì'),
(27, 1, 'BẢO TRÌ HÀNG NGÀY', 'BẢO TRÌ BỞI GIÁO VIÊN', '2014-05-13', 'CHIỀU', 15, 'Bảo Trì'),
(28, 1, 'BẢO TRÌ HÀNG NGÀY', 'BẢO TRÌ BỞI GIÁO VIÊN', '2014-05-14', 'CHIỀU', 15, 'Bảo Trì'),
(29, 1, 'BẢO TRÌ HÀNG NGÀY', 'BẢO TRÌ BỞI GIÁO VIÊN', '2014-05-15', 'CHIỀU', 15, 'Bảo Trì'),
(30, 1, 'BẢO TRÌ HÀNG NGÀY', 'BẢO TRÌ BỞI GIÁO VIÊN', '2014-05-16', 'CHIỀU', 15, 'Bảo Trì'),
(31, 1, 'BẢO TRÌ HÀNG NGÀY', 'BẢO TRÌ BỞI GIÁO VIÊN', '2014-05-17', 'CHIỀU', 15, 'Bảo Trì'),
(32, 1, 'BẢO TRÌ HÀNG NGÀY', 'BẢO TRÌ BỞI GIÁO VIÊN', '2014-05-18', 'CHIỀU', 15, 'Bảo Trì'),
(40, 1, 'Cập nhật phần mềm', 'Cập nhật phần mềm', '2014-05-26', 'Sáng', 13, 'Khác'),
(44, 1, 'Phương dạy Học', 'Dậy môn tin học căn bản', '2014-05-25', 'Sáng', 16, 'Dạy Học'),
(46, 1, 'Thảo dạy học', 'Dạy tin học', '2014-05-25', 'Chiều', 16, 'Dạy Học'),
(47, 1, 'Nguyễn dạy Tin học', 'Dạy bù', '2014-05-27', 'Sáng', 15, 'Dạy Học'),
(48, 1, 'Bảo trì đột xuất', 'Bảo trì', '2014-05-14', 'Sáng', 13, 'Sự Cố'),
(49, 1, 'Bảo trì đột xuất', 'Bảo trì', '2014-05-14', 'Sáng', 13, 'Sự Cố'),
(50, 1, 'Bảo dạy bù', 'Dạy bù môn lập trình web', '2014-06-01', 'Sáng', 13, 'Dạy Học');

-- --------------------------------------------------------

--
-- Table structure for table `log_ip`
--

CREATE TABLE IF NOT EXISTS `log_ip` (
  `AUTONUM` int(10) NOT NULL AUTO_INCREMENT,
  `IDNUM` int(10) NOT NULL,
  `IP` varchar(100) NOT NULL,
  `ngay` datetime NOT NULL,
  PRIMARY KEY (`AUTONUM`)
) ENGINE=InnoDB  DEFAULT CHARSET=utf8 AUTO_INCREMENT=46 ;

--
-- Dumping data for table `log_ip`
--

INSERT INTO `log_ip` (`AUTONUM`, `IDNUM`, `IP`, `ngay`) VALUES
(3, 1, '127.0.0.1', '2014-05-19 18:39:05'),
(4, 1, '127.0.0.1', '2014-05-19 18:54:16'),
(5, 1, '127.0.0.1', '2014-05-19 19:25:15'),
(6, 1, '127.0.0.1', '2014-05-19 19:25:33'),
(7, 1, '127.0.0.1', '2014-05-19 19:26:37'),
(8, 1, '127.0.0.1', '2014-05-19 19:27:22'),
(9, 1, '127.0.0.1', '2014-05-19 19:28:26'),
(10, 1, '127.0.0.1', '2014-05-19 19:32:31'),
(11, 1, '127.0.0.1', '2014-05-19 19:32:34'),
(12, 1, '127.0.0.1', '2014-05-19 19:33:17'),
(13, 1, '127.0.0.1', '2014-05-19 19:33:20'),
(14, 1, '127.0.0.1', '2014-05-19 19:34:29'),
(15, 1, '127.0.0.1', '2014-05-19 19:35:59'),
(16, 1, '127.0.0.1', '2014-05-19 19:38:28'),
(17, 1, '127.0.0.1', '2014-05-19 19:40:33'),
(18, 1, '127.0.0.1', '2014-05-19 19:42:01'),
(19, 1, '127.0.0.1', '2014-05-19 19:42:08'),
(20, 1, '127.0.0.1', '2014-05-19 19:42:39'),
(21, 1, '127.0.0.1', '2014-05-19 19:43:00'),
(22, 1, '127.0.0.1', '2014-05-21 08:00:30'),
(23, 1, '127.0.0.1', '2014-05-22 15:21:41'),
(24, 1, '127.0.0.1', '2014-05-23 13:04:57'),
(25, 1, '::1', '2014-05-23 17:38:46'),
(26, 1, '::1', '2014-05-23 17:44:35'),
(27, 1, '127.0.0.1', '2014-05-24 21:27:58'),
(28, 1, '127.0.0.1', '2014-05-25 11:22:51'),
(29, 1, '127.0.0.1', '2014-05-25 21:41:09'),
(30, 1, '127.0.0.1', '2014-05-26 20:29:37'),
(31, 1, '::1', '2014-05-27 03:05:25'),
(32, 1, '::1', '2014-05-27 03:20:37'),
(33, 1, '::1', '2014-05-27 14:41:35'),
(34, 1, '127.0.0.1', '2014-05-28 03:17:55'),
(35, 1, '127.0.0.1', '2014-05-28 13:29:17'),
(36, 1, '127.0.0.1', '2014-05-29 06:51:17'),
(37, 1, '::1', '2014-05-29 15:57:12'),
(38, 1, '127.0.0.1', '2014-05-29 21:38:12'),
(39, 1, '::1', '2014-05-29 23:27:21'),
(40, 1, '127.0.0.1', '2014-05-29 23:29:22'),
(41, 1, '127.0.0.1', '2014-05-30 00:03:14'),
(42, 1, '127.0.0.1', '2014-05-30 00:19:06'),
(43, 9, '::1', '2014-05-30 00:20:04'),
(44, 1, '::1', '2014-05-30 03:11:59'),
(45, 1, '::1', '2014-05-30 03:31:54');

-- --------------------------------------------------------

--
-- Table structure for table `log_thietbi_move`
--

CREATE TABLE IF NOT EXISTS `log_thietbi_move` (
  `AUTONUM` int(10) NOT NULL AUTO_INCREMENT,
  `SERIAL` varchar(100) NOT NULL,
  `VITRI_OLD` varchar(255) NOT NULL,
  `VITRI_NEW` varchar(255) NOT NULL,
  `MOVEFOR` text,
  PRIMARY KEY (`AUTONUM`)
) ENGINE=InnoDB DEFAULT CHARSET=utf8 AUTO_INCREMENT=1 ;

-- --------------------------------------------------------

--
-- Table structure for table `log_thietbi_sua`
--

CREATE TABLE IF NOT EXISTS `log_thietbi_sua` (
  `AUTONUM` int(10) NOT NULL AUTO_INCREMENT,
  `SERIAL` varchar(100) NOT NULL,
  PRIMARY KEY (`AUTONUM`)
) ENGINE=InnoDB DEFAULT CHARSET=utf8 AUTO_INCREMENT=1 ;

-- --------------------------------------------------------

--
-- Table structure for table `log_users`
--

CREATE TABLE IF NOT EXISTS `log_users` (
  `TIME` datetime NOT NULL,
  `LOG` varchar(255) NOT NULL,
  `LEVEL` int(2) NOT NULL,
  PRIMARY KEY (`TIME`)
) ENGINE=InnoDB DEFAULT CHARSET=utf8;

-- --------------------------------------------------------

--
-- Table structure for table `maytinh`
--

CREATE TABLE IF NOT EXISTS `maytinh` (
  `autonum` int(11) NOT NULL AUTO_INCREMENT,
  `tenmay` varchar(100) NOT NULL,
  `chipset` varchar(255) NOT NULL,
  `main` varchar(255) NOT NULL,
  `hdd` varchar(255) NOT NULL,
  `ram1` varchar(255) NOT NULL,
  `ram2` varchar(255) DEFAULT NULL,
  `ram3` varchar(255) DEFAULT NULL,
  `ram4` varchar(255) DEFAULT NULL,
  `manhinh` varchar(255) NOT NULL,
  `phong` int(10) DEFAULT NULL,
  PRIMARY KEY (`autonum`),
  KEY `phong` (`phong`)
) ENGINE=InnoDB  DEFAULT CHARSET=utf8 AUTO_INCREMENT=4884 ;

--
-- Dumping data for table `maytinh`
--

INSERT INTO `maytinh` (`autonum`, `tenmay`, `chipset`, `main`, `hdd`, `ram1`, `ram2`, `ram3`, `ram4`, `manhinh`, `phong`) VALUES
(4234, 'Máy 1', 'Core i5 3337U', 'ASUS P8H61-MX', 'Seagate 500GB', 'Kingston 4GB', 'Kingston 4GB', NULL, NULL, 'ASUS PQ321Q', 13),
(4235, 'Máy 2', 'Core i5 3337U', 'ASUS P8H61-MX', 'Seagate 500GB', 'Kingston 4GB', 'Kingston 4GB', NULL, NULL, 'ASUS PQ321Q', 13),
(4236, 'Máy 3', 'Core i5 3337U', 'ASUS P8H61-MX', 'Seagate 500GB', 'Kingston 4GB', 'Kingston 4GB', NULL, NULL, 'ASUS PQ321Q', 13),
(4237, 'Máy 4', 'Core i5 3337U', 'ASUS P8H61-MX', 'Seagate 500GB', 'Kingston 4GB', 'Kingston 4GB', NULL, NULL, 'ASUS PQ321Q', 13),
(4238, 'Máy 5', 'Core i5 3337U', 'ASUS P8H61-MX', 'Seagate 500GB', 'Kingston 4GB', 'Kingston 4GB', NULL, NULL, 'ASUS PQ321Q', 13),
(4239, 'Máy 6', 'Core i5 3337U', 'ASUS P8H61-MX', 'Seagate 500GB', 'Kingston 4GB', 'Kingston 4GB', NULL, NULL, 'ASUS PQ321Q', 13),
(4240, 'Máy 7', 'Core i5 3337U', 'ASUS P8H61-MX', 'Seagate 500GB', 'Kingston 4GB', 'Kingston 4GB', NULL, NULL, 'ASUS PQ321Q', 13),
(4241, 'Máy 8', 'Core i5 3337U', 'ASUS P8H61-MX', 'Seagate 500GB', 'Kingston 4GB', 'Kingston 4GB', NULL, NULL, 'ASUS PQ321Q', 13),
(4242, 'Máy 9', 'Core i5 3337U', 'ASUS P8H61-MX', 'Seagate 500GB', 'Kingston 4GB', 'Kingston 4GB', NULL, NULL, 'ASUS PQ321Q', 13),
(4243, 'Máy 10', 'Core i5 3337U', 'ASUS P8H61-MX', 'Seagate 500GB', 'Kingston 4GB', 'Kingston 4GB', NULL, NULL, 'ASUS PQ321Q', 13),
(4244, 'Máy 11', 'Core i5 3337U', 'ASUS P8H61-MX', 'Seagate 500GB', 'Kingston 4GB', 'Kingston 4GB', NULL, NULL, 'ASUS PQ321Q', 13),
(4245, 'Máy 12', 'Core i5 3337U', 'ASUS P8H61-MX', 'Seagate 500GB', 'Kingston 4GB', 'Kingston 4GB', NULL, NULL, 'ASUS PQ321Q', 13),
(4246, 'Máy 13', 'Core i5 3337U', 'ASUS P8H61-MX', 'Seagate 500GB', 'Kingston 4GB', 'Kingston 4GB', NULL, NULL, 'ASUS PQ321Q', 13),
(4247, 'Máy 14', 'Core i5 3337U', 'ASUS P8H61-MX', 'Seagate 500GB', 'Kingston 4GB', 'Kingston 4GB', NULL, NULL, 'ASUS PQ321Q', 13),
(4248, 'Máy 15', 'Core i5 3337U', 'ASUS P8H61-MX', 'Seagate 500GB', 'Kingston 4GB', 'Kingston 4GB', NULL, NULL, 'ASUS PQ321Q', 13),
(4249, 'Máy 16', 'Core i5 3337U', 'ASUS P8H61-MX', 'Seagate 500GB', 'Kingston 4GB', 'Kingston 4GB', NULL, NULL, 'ASUS PQ321Q', 13),
(4250, 'Máy 17', 'Core i5 3337U', 'ASUS P8H61-MX', 'Seagate 500GB', 'Kingston 4GB', 'Kingston 4GB', NULL, NULL, 'ASUS PQ321Q', 13),
(4251, 'Máy 18', 'Core i5 3337U', 'ASUS P8H61-MX', 'Seagate 500GB', 'Kingston 4GB', 'Kingston 4GB', NULL, NULL, 'ASUS PQ321Q', 13),
(4252, 'Máy 19', 'Core i5 3337U', 'ASUS P8H61-MX', 'Seagate 500GB', 'Kingston 4GB', 'Kingston 4GB', NULL, NULL, 'ASUS PQ321Q', 13),
(4253, 'Máy 20', 'Core i5 3337U', 'ASUS P8H61-MX', 'Seagate 500GB', 'Kingston 4GB', 'Kingston 4GB', NULL, NULL, 'ASUS PQ321Q', 13),
(4254, 'Máy 21', 'Core i5 3337U', 'ASUS P8H61-MX', 'Seagate 500GB', 'Kingston 4GB', 'Kingston 4GB', NULL, NULL, 'ASUS PQ321Q', 13),
(4255, 'Máy 22', 'Core i5 3337U', 'ASUS P8H61-MX', 'Seagate 500GB', 'Kingston 4GB', 'Kingston 4GB', NULL, NULL, 'ASUS PQ321Q', 13),
(4256, 'Máy 23', 'Core i5 3337U', 'ASUS P8H61-MX', 'Seagate 500GB', 'Kingston 4GB', 'Kingston 4GB', NULL, NULL, 'ASUS PQ321Q', 13),
(4257, 'Máy 24', 'Core i5 3337U', 'ASUS P8H61-MX', 'Seagate 500GB', 'Kingston 4GB', 'Kingston 4GB', NULL, NULL, 'ASUS PQ321Q', 13),
(4258, 'Máy 25', 'Core i5 3337U', 'ASUS P8H61-MX', 'Seagate 500GB', 'Kingston 4GB', 'Kingston 4GB', NULL, NULL, 'ASUS PQ321Q', 13),
(4259, 'Máy 26', 'Core i5 3337U', 'ASUS P8H61-MX', 'Seagate 500GB', 'Kingston 4GB', 'Kingston 4GB', NULL, NULL, 'ASUS PQ321Q', 13),
(4260, 'Máy 27', 'Core i5 3337U', 'ASUS P8H61-MX', 'Seagate 500GB', 'Kingston 4GB', 'Kingston 4GB', NULL, NULL, 'ASUS PQ321Q', 13),
(4261, 'Máy 28', 'Core i5 3337U', 'ASUS P8H61-MX', 'Seagate 500GB', 'Kingston 4GB', 'Kingston 4GB', NULL, NULL, 'ASUS PQ321Q', 13),
(4262, 'Máy 29', 'Core i5 3337U', 'ASUS P8H61-MX', 'Seagate 500GB', 'Kingston 4GB', 'Kingston 4GB', NULL, NULL, 'ASUS PQ321Q', 13),
(4263, 'Máy 30', 'Core i5 3337U', 'ASUS P8H61-MX', 'Seagate 500GB', 'Kingston 4GB', 'Kingston 4GB', NULL, NULL, 'ASUS PQ321Q', 13),
(4264, 'Máy 31', 'Core i5 3337U', 'ASUS P8H61-MX', 'Seagate 500GB', 'Kingston 4GB', 'Kingston 4GB', NULL, NULL, 'ASUS PQ321Q', 13),
(4265, 'Máy 32', 'Core i5 3337U', 'ASUS P8H61-MX', 'Seagate 500GB', 'Kingston 4GB', 'Kingston 4GB', NULL, NULL, 'ASUS PQ321Q', 13),
(4266, 'Máy 33', 'Core i5 3337U', 'ASUS P8H61-MX', 'Seagate 500GB', 'Kingston 4GB', 'Kingston 4GB', NULL, NULL, 'ASUS PQ321Q', 13),
(4267, 'Máy 34', 'Core i5 3337U', 'ASUS P8H61-MX', 'Seagate 500GB', 'Kingston 4GB', 'Kingston 4GB', NULL, NULL, 'ASUS PQ321Q', 13),
(4268, 'Máy 35', 'Core i5 3337U', 'ASUS P8H61-MX', 'Seagate 500GB', 'Kingston 4GB', 'Kingston 4GB', NULL, NULL, 'ASUS PQ321Q', 13),
(4269, 'Máy 36', 'Core i5 3337U', 'ASUS P8H61-MX', 'Seagate 500GB', 'Kingston 4GB', 'Kingston 4GB', NULL, NULL, 'ASUS PQ321Q', 13),
(4270, 'Máy 37', 'Core i5 3337U', 'ASUS P8H61-MX', 'Seagate 500GB', 'Kingston 4GB', 'Kingston 4GB', NULL, NULL, 'ASUS PQ321Q', 13),
(4271, 'Máy 38', 'Core i5 3337U', 'ASUS P8H61-MX', 'Seagate 500GB', 'Kingston 4GB', 'Kingston 4GB', NULL, NULL, 'ASUS PQ321Q', 13),
(4272, 'Máy 39', 'Core i5 3337U', 'ASUS P8H61-MX', 'Seagate 500GB', 'Kingston 4GB', 'Kingston 4GB', NULL, NULL, 'ASUS PQ321Q', 13),
(4273, 'Máy 40', 'Core i5 3337U', 'ASUS P8H61-MX', 'Seagate 500GB', 'Kingston 4GB', 'Kingston 4GB', NULL, NULL, 'ASUS PQ321Q', 13),
(4274, 'Máy 41', 'Core i5 3337U', 'ASUS P8H61-MX', 'Seagate 500GB', 'Kingston 4GB', 'Kingston 4GB', NULL, NULL, 'ASUS PQ321Q Slim', 13),
(4275, 'Máy 42', 'Core i5 3337U', 'ASUS P8H61-MX', 'Seagate 500GB', 'Kingston 4GB', 'Kingston 4GB', NULL, NULL, 'ASUS PQ321Q', 13),
(4276, 'Máy 43', 'Core i5 3337U', 'ASUS P8H61-MX', 'Seagate 500GB', 'Kingston 4GB', 'Kingston 4GB', NULL, NULL, 'ASUS PQ321Q', 13),
(4277, 'Máy 44', 'Core i5 3337U', 'ASUS P8H61-MX', 'Seagate 500GB', 'Kingston 4GB', 'Kingston 4GB', NULL, NULL, 'ASUS PQ321Q', 13),
(4278, 'Máy 45', 'Core i5 3337U', 'ASUS P8H61-MX', 'Seagate 500GB', 'Kingston 4GB', 'Kingston 4GB', NULL, NULL, 'ASUS PQ321Q', 13),
(4279, 'Máy 46', 'Core i5 3337U', 'ASUS P8H61-MX', 'Seagate 500GB', 'Kingston 4GB', 'Kingston 4GB', NULL, NULL, 'ASUS PQ321Q', 13),
(4280, 'Máy 47', 'Core i5 3337U', 'ASUS P8H61-MX', 'Seagate 500GB', 'Kingston 4GB', 'Kingston 4GB', NULL, NULL, 'ASUS PQ321Q', 13),
(4281, 'Máy 48', 'Core i5 3337U', 'ASUS P8H61-MX', 'Seagate 500GB', 'Kingston 4GB', 'Kingston 4GB', NULL, NULL, 'ASUS PQ321Q', 13),
(4282, 'Máy 49', 'Core i5 3337U', 'ASUS P8H61-MX', 'Seagate 500GB', 'Kingston 4GB', 'Kingston 4GB', NULL, NULL, 'ASUS PQ321Q', 13),
(4283, 'Máy 50', 'Core i5 3337U', 'ASUS P8H61-MX', 'Seagate 500GB', 'Kingston 4GB', 'Kingston 4GB', NULL, NULL, 'ASUS PQ321Q', 13),
(4284, 'Máy 1', 'Core i5 3337U', 'ASUS P8H61-MX', 'Seagate 500GB', 'Kingston 4GB', 'Kingston 4GB', NULL, NULL, 'ASUS PQ321Q', 15),
(4285, 'Máy 2', 'Core i5 3337U', 'ASUS P8H61-MX', 'Seagate 500GB', 'Kingston 4GB', 'Kingston 4GB', NULL, NULL, 'ASUS PQ321Q', 15),
(4286, 'Máy 3', 'Core i5 3337U', 'ASUS P8H61-MX', 'Seagate 500GB', 'Kingston 4GB', 'Kingston 4GB', NULL, NULL, 'ASUS PQ321Q', 15),
(4287, 'Máy 4', 'Core i5 3337U', 'ASUS P8H61-MX', 'Seagate 500GB', 'Kingston 4GB', 'Kingston 4GB', NULL, NULL, 'ASUS PQ321Q', 15),
(4288, 'Máy 5', 'Core i5 3337U', 'ASUS P8H61-MX', 'Seagate 500GB', 'Kingston 4GB', 'Kingston 4GB', NULL, NULL, 'ASUS PQ321Q', 15),
(4289, 'Máy 6', 'Core i5 3337U', 'ASUS P8H61-MX', 'Seagate 500GB', 'Kingston 4GB', 'Kingston 4GB', NULL, NULL, 'ASUS PQ321Q', 15),
(4290, 'Máy 7', 'Core i5 3337U', 'ASUS P8H61-MX', 'Seagate 500GB', 'Kingston 4GB', 'Kingston 4GB', NULL, NULL, 'ASUS PQ321Q', 15),
(4291, 'Máy 8', 'Core i5 3337U', 'ASUS P8H61-MX', 'Seagate 500GB', 'Kingston 4GB', 'Kingston 4GB', NULL, NULL, 'ASUS PQ321Q', 15),
(4292, 'Máy 9', 'Core i5 3337U', 'ASUS P8H61-MX', 'Seagate 500GB', 'Kingston 4GB', 'Kingston 4GB', NULL, NULL, 'ASUS PQ321Q', 15),
(4293, 'Máy 10', 'Core i5 3337U', 'ASUS P8H61-MX', 'Seagate 500GB', 'Kingston 4GB', 'Kingston 4GB', NULL, NULL, 'ASUS PQ321Q', 15),
(4294, 'Máy 11', 'Core i5 3337U', 'ASUS P8H61-MX', 'Seagate 500GB', 'Kingston 4GB', 'Kingston 4GB', NULL, NULL, 'ASUS PQ321Q', 15),
(4295, 'Máy 12', 'Core i5 3337U', 'ASUS P8H61-MX', 'Seagate 500GB', 'Kingston 4GB', 'Kingston 4GB', NULL, NULL, 'ASUS PQ321Q', 15),
(4296, 'Máy 13', 'Core i5 3337U', 'ASUS P8H61-MX', 'Seagate 500GB', 'Kingston 4GB', 'Kingston 4GB', NULL, NULL, 'ASUS PQ321Q', 15),
(4297, 'Máy 14', 'Core i5 3337U', 'ASUS P8H61-MX', 'Seagate 500GB', 'Kingston 4GB', 'Kingston 4GB', NULL, NULL, 'ASUS PQ321Q', 15),
(4298, 'Máy 15', 'Core i5 3337U', 'ASUS P8H61-MX', 'Seagate 500GB', 'Kingston 4GB', 'Kingston 4GB', NULL, NULL, 'ASUS PQ321Q', 15),
(4299, 'Máy 16', 'Core i5 3337U', 'ASUS P8H61-MX', 'Seagate 500GB', 'Kingston 4GB', 'Kingston 4GB', NULL, NULL, 'ASUS PQ321Q', 15),
(4300, 'Máy 17', 'Core i5 3337U', 'ASUS P8H61-MX', 'Seagate 500GB', 'Kingston 4GB', 'Kingston 4GB', NULL, NULL, 'ASUS PQ321Q', 15),
(4301, 'Máy 18', 'Core i5 3337U', 'ASUS P8H61-MX', 'Seagate 500GB', 'Kingston 4GB', 'Kingston 4GB', NULL, NULL, 'ASUS PQ321Q', 15),
(4302, 'Máy 19', 'Core i5 3337U', 'ASUS P8H61-MX', 'Seagate 500GB', 'Kingston 4GB', 'Kingston 4GB', NULL, NULL, 'ASUS PQ321Q', 15),
(4303, 'Máy 20', 'Core i5 3337U', 'ASUS P8H61-MX', 'Seagate 500GB', 'Kingston 4GB', 'Kingston 4GB', NULL, NULL, 'ASUS PQ321Q', 15),
(4304, 'Máy 21', 'Core i5 3337U', 'ASUS P8H61-MX', 'Seagate 500GB', 'Kingston 4GB', 'Kingston 4GB', NULL, NULL, 'ASUS PQ321Q', 15),
(4305, 'Máy 22', 'Core i5 3337U', 'ASUS P8H61-MX', 'Seagate 500GB', 'Kingston 4GB', 'Kingston 4GB', NULL, NULL, 'ASUS PQ321Q', 15),
(4306, 'Máy 23', 'Core i5 3337U', 'ASUS P8H61-MX', 'Seagate 500GB', 'Kingston 4GB', 'Kingston 4GB', NULL, NULL, 'ASUS PQ321Q', 15),
(4307, 'Máy 24', 'Core i5 3337U', 'ASUS P8H61-MX', 'Seagate 500GB', 'Kingston 4GB', 'Kingston 4GB', NULL, NULL, 'ASUS PQ321Q', 15),
(4308, 'Máy 25', 'Core i5 3337U', 'ASUS P8H61-MX', 'Seagate 500GB', 'Kingston 4GB', 'Kingston 4GB', NULL, NULL, 'ASUS PQ321Q', 15),
(4309, 'Máy 26', 'Core i5 3337U', 'ASUS P8H61-MX', 'Seagate 500GB', 'Kingston 4GB', 'Kingston 4GB', NULL, NULL, 'ASUS PQ321Q', 15),
(4310, 'Máy 27', 'Core i5 3337U', 'ASUS P8H61-MX', 'Seagate 500GB', 'Kingston 4GB', 'Kingston 4GB', NULL, NULL, 'ASUS PQ321Q', 15),
(4311, 'Máy 28', 'Core i5 3337U', 'ASUS P8H61-MX', 'Seagate 500GB', 'Kingston 4GB', 'Kingston 4GB', NULL, NULL, 'ASUS PQ321Q', 15),
(4312, 'Máy 29', 'Core i5 3337U', 'ASUS P8H61-MX', 'Seagate 500GB', 'Kingston 4GB', 'Kingston 4GB', NULL, NULL, 'ASUS PQ321Q', 15),
(4313, 'Máy 30', 'Core i5 3337U', 'ASUS P8H61-MX', 'Seagate 500GB', 'Kingston 4GB', 'Kingston 4GB', NULL, NULL, 'ASUS PQ321Q', 15),
(4314, 'Máy 31', 'Core i5 3337U', 'ASUS P8H61-MX', 'Seagate 500GB', 'Kingston 4GB', 'Kingston 4GB', NULL, NULL, 'ASUS PQ321Q', 15),
(4315, 'Máy 32', 'Core i5 3337U', 'ASUS P8H61-MX', 'Seagate 500GB', 'Kingston 4GB', 'Kingston 4GB', NULL, NULL, 'ASUS PQ321Q', 15),
(4316, 'Máy 33', 'Core i5 3337U', 'ASUS P8H61-MX', 'Seagate 500GB', 'Kingston 4GB', 'Kingston 4GB', NULL, NULL, 'ASUS PQ321Q', 15),
(4317, 'Máy 34', 'Core i5 3337U', 'ASUS P8H61-MX', 'Seagate 500GB', 'Kingston 4GB', 'Kingston 4GB', NULL, NULL, 'ASUS PQ321Q', 15),
(4318, 'Máy 35', 'Core i5 3337U', 'ASUS P8H61-MX', 'Seagate 500GB', 'Kingston 4GB', 'Kingston 4GB', NULL, NULL, 'ASUS PQ321Q', 15),
(4319, 'Máy 36', 'Core i5 3337U', 'ASUS P8H61-MX', 'Seagate 500GB', 'Kingston 4GB', 'Kingston 4GB', NULL, NULL, 'ASUS PQ321Q', 15),
(4320, 'Máy 37', 'Core i5 3337U', 'ASUS P8H61-MX', 'Seagate 500GB', 'Kingston 4GB', 'Kingston 4GB', NULL, NULL, 'ASUS PQ321Q', 15),
(4321, 'Máy 38', 'Core i5 3337U', 'ASUS P8H61-MX', 'Seagate 500GB', 'Kingston 4GB', 'Kingston 4GB', NULL, NULL, 'ASUS PQ321Q', 15),
(4322, 'Máy 39', 'Core i5 3337U', 'ASUS P8H61-MX', 'Seagate 500GB', 'Kingston 4GB', 'Kingston 4GB', NULL, NULL, 'ASUS PQ321Q', 15),
(4323, 'Máy 40', 'Core i5 3337U', 'ASUS P8H61-MX', 'Seagate 500GB', 'Kingston 4GB', 'Kingston 4GB', NULL, NULL, 'ASUS PQ321Q', 15),
(4324, 'Máy 41', 'Core i5 3337U', 'ASUS P8H61-MX', 'Seagate 500GB', 'Kingston 4GB', 'Kingston 4GB', NULL, NULL, 'ASUS PQ321Q', 15),
(4325, 'Máy 42', 'Core i5 3337U', 'ASUS P8H61-MX', 'Seagate 500GB', 'Kingston 4GB', 'Kingston 4GB', NULL, NULL, 'ASUS PQ321Q', 15),
(4326, 'Máy 43', 'Core i5 3337U', 'ASUS P8H61-MX', 'Seagate 500GB', 'Kingston 4GB', 'Kingston 4GB', NULL, NULL, 'ASUS PQ321Q', 15),
(4327, 'Máy 44', 'Core i5 3337U', 'ASUS P8H61-MX', 'Seagate 500GB', 'Kingston 4GB', 'Kingston 4GB', NULL, NULL, 'ASUS PQ321Q', 15),
(4328, 'Máy 45', 'Core i5 3337U', 'ASUS P8H61-MX', 'Seagate 500GB', 'Kingston 4GB', 'Kingston 4GB', NULL, NULL, 'ASUS PQ321Q', 15),
(4329, 'Máy 46', 'Core i5 3337U', 'ASUS P8H61-MX', 'Seagate 500GB', 'Kingston 4GB', 'Kingston 4GB', NULL, NULL, 'ASUS PQ321Q', 15),
(4330, 'Máy 47', 'Core i5 3337U', 'ASUS P8H61-MX', 'Seagate 500GB', 'Kingston 4GB', 'Kingston 4GB', NULL, NULL, 'ASUS PQ321Q', 15),
(4331, 'Máy 48', 'Core i5 3337U', 'ASUS P8H61-MX', 'Seagate 500GB', 'Kingston 4GB', 'Kingston 4GB', NULL, NULL, 'ASUS PQ321Q', 15),
(4332, 'Máy 49', 'Core i5 3337U', 'ASUS P8H61-MX', 'Seagate 500GB', 'Kingston 4GB', 'Kingston 4GB', NULL, NULL, 'ASUS PQ321Q', 15),
(4333, 'Máy 50', 'Core i5 3337U', 'ASUS P8H61-MX', 'Seagate 500GB', 'Kingston 4GB', 'Kingston 4GB', NULL, NULL, 'ASUS PQ321Q', 15),
(4338, 'Máy 5', 'Core i5 3337U', 'ASUS P8H61-MX', 'Seagate 500GB', 'Kingston 4GB', 'Kingston 4GB', NULL, NULL, 'ASUS PQ321Q', 16),
(4339, 'Máy 6', 'Core i5 3337U', 'ASUS P8H61-MX', 'Seagate 500GB', 'Kingston 4GB', 'Kingston 4GB', NULL, NULL, 'ASUS PQ321Q', 16),
(4340, 'Máy 7', 'Core i5 3337U', 'ASUS P8H61-MX', 'Seagate 500GB', 'Kingston 4GB', 'Kingston 4GB', NULL, NULL, 'ASUS PQ321Q', 16),
(4341, 'Máy 8', 'Core i5 3337U', 'ASUS P8H61-MX', 'Seagate 500GB', 'Kingston 4GB', 'Kingston 4GB', NULL, NULL, 'ASUS PQ321Q', 16),
(4342, 'Máy 9', 'Core i5 3337U', 'ASUS P8H61-MX', 'Seagate 500GB', 'Kingston 4GB', 'Kingston 4GB', NULL, NULL, 'ASUS PQ321Q', 16),
(4343, 'Máy 10', 'Core i5 3337U', 'ASUS P8H61-MX', 'Seagate 500GB', 'Kingston 4GB', 'Kingston 4GB', NULL, NULL, 'ASUS PQ321Q', 16),
(4344, 'Máy 11', 'Core i5 3337U', 'ASUS P8H61-MX', 'Seagate 500GB', 'Kingston 4GB', 'Kingston 4GB', NULL, NULL, 'ASUS PQ321Q', 16),
(4345, 'Máy 12', 'Core i5 3337U', 'ASUS P8H61-MX', 'Seagate 500GB', 'Kingston 4GB', 'Kingston 4GB', NULL, NULL, 'ASUS PQ321Q', 16),
(4346, 'Máy 13', 'Core i5 3337U', 'ASUS P8H61-MX', 'Seagate 500GB', 'Kingston 4GB', 'Kingston 4GB', NULL, NULL, 'ASUS PQ321Q', 16),
(4347, 'Máy 14', 'Core i5 3337U', 'ASUS P8H61-MX', 'Seagate 500GB', 'Kingston 4GB', 'Kingston 4GB', NULL, NULL, 'ASUS PQ321Q', 16),
(4348, 'Máy 15', 'Core i5 3337U', 'ASUS P8H61-MX', 'Seagate 500GB', 'Kingston 4GB', 'Kingston 4GB', NULL, NULL, 'ASUS PQ321Q', 16),
(4349, 'Máy 16', 'Core i5 3337U', 'ASUS P8H61-MX', 'Seagate 500GB', 'Kingston 4GB', 'Kingston 4GB', NULL, NULL, 'ASUS PQ321Q', 16),
(4350, 'Máy 17', 'Core i5 3337U', 'ASUS P8H61-MX', 'Seagate 500GB', 'Kingston 4GB', 'Kingston 4GB', NULL, NULL, 'ASUS PQ321Q', 16),
(4351, 'Máy 18', 'Core i5 3337U', 'ASUS P8H61-MX', 'Seagate 500GB', 'Kingston 4GB', 'Kingston 4GB', NULL, NULL, 'ASUS PQ321Q', 16),
(4352, 'Máy 19', 'Core i5 3337U', 'ASUS P8H61-MX', 'Seagate 500GB', 'Kingston 4GB', 'Kingston 4GB', NULL, NULL, 'ASUS PQ321Q', 16),
(4353, 'Máy 20', 'Core i5 3337U', 'ASUS P8H61-MX', 'Seagate 500GB', 'Kingston 4GB', 'Kingston 4GB', NULL, NULL, 'ASUS PQ321Q', 16),
(4354, 'Máy 21', 'Core i5 3337U', 'ASUS P8H61-MX', 'Seagate 500GB', 'Kingston 4GB', 'Kingston 4GB', NULL, NULL, 'ASUS PQ321Q', 16),
(4355, 'Máy 22', 'Core i5 3337U', 'ASUS P8H61-MX', 'Seagate 500GB', 'Kingston 4GB', 'Kingston 4GB', NULL, NULL, 'ASUS PQ321Q', 16),
(4356, 'Máy 23', 'Core i5 3337U', 'ASUS P8H61-MX', 'Seagate 500GB', 'Kingston 4GB', 'Kingston 4GB', NULL, NULL, 'ASUS PQ321Q', 16),
(4357, 'Máy 24', 'Core i5 3337U', 'ASUS P8H61-MX', 'Seagate 500GB', 'Kingston 4GB', 'Kingston 4GB', NULL, NULL, 'ASUS PQ321Q', 16),
(4358, 'Máy 25', 'Core i5 3337U', 'ASUS P8H61-MX', 'Seagate 500GB', 'Kingston 4GB', 'Kingston 4GB', NULL, NULL, 'ASUS PQ321Q', 16),
(4359, 'Máy 26', 'Core i5 3337U', 'ASUS P8H61-MX', 'Seagate 500GB', 'Kingston 4GB', 'Kingston 4GB', NULL, NULL, 'ASUS PQ321Q', 16),
(4360, 'Máy 27', 'Core i5 3337U', 'ASUS P8H61-MX', 'Seagate 500GB', 'Kingston 4GB', 'Kingston 4GB', NULL, NULL, 'ASUS PQ321Q', 16),
(4361, 'Máy 28', 'Core i5 3337U', 'ASUS P8H61-MX', 'Seagate 500GB', 'Kingston 4GB', 'Kingston 4GB', NULL, NULL, 'ASUS PQ321Q', 16),
(4362, 'Máy 29', 'Core i5 3337U', 'ASUS P8H61-MX', 'Seagate 500GB', 'Kingston 4GB', 'Kingston 4GB', NULL, NULL, 'ASUS PQ321Q', 16),
(4363, 'Máy 30', 'Core i5 3337U', 'ASUS P8H61-MX', 'Seagate 500GB', 'Kingston 4GB', 'Kingston 4GB', NULL, NULL, 'ASUS PQ321Q', 16),
(4364, 'Máy 31', 'Core i5 3337U', 'ASUS P8H61-MX', 'Seagate 500GB', 'Kingston 4GB', 'Kingston 4GB', NULL, NULL, 'ASUS PQ321Q', 16),
(4365, 'Máy 32', 'Core i5 3337U', 'ASUS P8H61-MX', 'Seagate 500GB', 'Kingston 4GB', 'Kingston 4GB', NULL, NULL, 'ASUS PQ321Q', 16),
(4366, 'Máy 33', 'Core i5 3337U', 'ASUS P8H61-MX', 'Seagate 500GB', 'Kingston 4GB', 'Kingston 4GB', NULL, NULL, 'ASUS PQ321Q', 16),
(4367, 'Máy 34', 'Core i5 3337U', 'ASUS P8H61-MX', 'Seagate 500GB', 'Kingston 4GB', 'Kingston 4GB', NULL, NULL, 'ASUS PQ321Q', 16),
(4368, 'Máy 35', 'Core i5 3337U', 'ASUS P8H61-MX', 'Seagate 500GB', 'Kingston 4GB', 'Kingston 4GB', NULL, NULL, 'ASUS PQ321Q', 16),
(4369, 'Máy 36', 'Core i5 3337U', 'ASUS P8H61-MX', 'Seagate 500GB', 'Kingston 4GB', 'Kingston 4GB', NULL, NULL, 'ASUS PQ321Q', 16),
(4370, 'Máy 37', 'Core i5 3337U', 'ASUS P8H61-MX', 'Seagate 500GB', 'Kingston 4GB', 'Kingston 4GB', NULL, NULL, 'ASUS PQ321Q', 16),
(4371, 'Máy 38', 'Core i5 3337U', 'ASUS P8H61-MX', 'Seagate 500GB', 'Kingston 4GB', 'Kingston 4GB', NULL, NULL, 'ASUS PQ321Q', 16),
(4372, 'Máy 39', 'Core i5 3337U', 'ASUS P8H61-MX', 'Seagate 500GB', 'Kingston 4GB', 'Kingston 4GB', NULL, NULL, 'ASUS PQ321Q', 16),
(4373, 'Máy 40', 'Core i5 3337U', 'ASUS P8H61-MX', 'Seagate 500GB', 'Kingston 4GB', 'Kingston 4GB', NULL, NULL, 'ASUS PQ321Q', 16),
(4374, 'Máy 41', 'Core i5 3337U', 'ASUS P8H61-MX', 'Seagate 500GB', 'Kingston 4GB', 'Kingston 4GB', NULL, NULL, 'ASUS PQ321Q', 16),
(4375, 'Máy 42', 'Core i5 3337U', 'ASUS P8H61-MX', 'Seagate 500GB', 'Kingston 4GB', 'Kingston 4GB', NULL, NULL, 'ASUS PQ321Q', 16),
(4376, 'Máy 43', 'Core i5 3337U', 'ASUS P8H61-MX', 'Seagate 500GB', 'Kingston 4GB', 'Kingston 4GB', NULL, NULL, 'ASUS PQ321Q', 16),
(4377, 'Máy 44', 'Core i5 3337U', 'ASUS P8H61-MX', 'Seagate 500GB', 'Kingston 4GB', 'Kingston 4GB', NULL, NULL, 'ASUS PQ321Q', 16),
(4378, 'Máy 45', 'Core i5 3337U', 'ASUS P8H61-MX', 'Seagate 500GB', 'Kingston 4GB', 'Kingston 4GB', NULL, NULL, 'ASUS PQ321Q', 16),
(4379, 'Máy 46', 'Core i5 3337U', 'ASUS P8H61-MX', 'Seagate 500GB', 'Kingston 4GB', 'Kingston 4GB', NULL, NULL, 'ASUS PQ321Q', 16),
(4380, 'Máy 47', 'Core i5 3337U', 'ASUS P8H61-MX', 'Seagate 500GB', 'Kingston 4GB', 'Kingston 4GB', NULL, NULL, 'ASUS PQ321Q', 16),
(4381, 'Máy 48', 'Core i5 3337U', 'ASUS P8H61-MX', 'Seagate 500GB', 'Kingston 4GB', 'Kingston 4GB', NULL, NULL, 'ASUS PQ321Q', 16),
(4382, 'Máy 49', 'Core i5 3337U', 'ASUS P8H61-MX', 'Seagate 500GB', 'Kingston 4GB', 'Kingston 4GB', NULL, NULL, 'ASUS PQ321Q', 16),
(4384, 'Máy 1', 'Core i5 3337U', 'ASUS P8H61-MX', 'Seagate 500GB', 'Kingston 4GB', 'Kingston 4GB', NULL, NULL, 'ASUS PQ321Q', 23),
(4385, 'Máy 2', 'Core i5 3337U', 'ASUS P8H61-MX', 'Seagate 500GB', 'Kingston 4GB', 'Kingston 4GB', NULL, NULL, 'ASUS PQ321Q', 23),
(4386, 'Máy 3', 'Core i5 3337U', 'ASUS P8H61-MX', 'Seagate 500GB', 'Kingston 4GB', 'Kingston 4GB', NULL, NULL, 'ASUS PQ321Q', 23),
(4387, 'Máy 4', 'Core i5 3337U', 'ASUS P8H61-MX', 'Seagate 500GB', 'Kingston 4GB', 'Kingston 4GB', NULL, NULL, 'ASUS PQ321Q', 23),
(4388, 'Máy 5', 'Core i5 3337U', 'ASUS P8H61-MX', 'Seagate 500GB', 'Kingston 4GB', 'Kingston 4GB', NULL, NULL, 'ASUS PQ321Q', 23),
(4389, 'Máy 6', 'Core i5 3337U', 'ASUS P8H61-MX', 'Seagate 500GB', 'Kingston 4GB', 'Kingston 4GB', NULL, NULL, 'ASUS PQ321Q', 23),
(4390, 'Máy 7', 'Core i5 3337U', 'ASUS P8H61-MX', 'Seagate 500GB', 'Kingston 4GB', 'Kingston 4GB', NULL, NULL, 'ASUS PQ321Q', 23),
(4391, 'Máy 8', 'Core i5 3337U', 'ASUS P8H61-MX', 'Seagate 500GB', 'Kingston 4GB', 'Kingston 4GB', NULL, NULL, 'ASUS PQ321Q', 23),
(4392, 'Máy 9', 'Core i5 3337U', 'ASUS P8H61-MX', 'Seagate 500GB', 'Kingston 4GB', 'Kingston 4GB', NULL, NULL, 'ASUS PQ321Q', 23),
(4393, 'Máy 10', 'Core i5 3337U', 'ASUS P8H61-MX', 'Seagate 500GB', 'Kingston 4GB', 'Kingston 4GB', NULL, NULL, 'ASUS PQ321Q', 23),
(4394, 'Máy 11', 'Core i5 3337U', 'ASUS P8H61-MX', 'Seagate 500GB', 'Kingston 4GB', 'Kingston 4GB', NULL, NULL, 'ASUS PQ321Q', 23),
(4395, 'Máy 12', 'Core i5 3337U', 'ASUS P8H61-MX', 'Seagate 500GB', 'Kingston 4GB', 'Kingston 4GB', NULL, NULL, 'ASUS PQ321Q', 23),
(4396, 'Máy 13', 'Core i5 3337U', 'ASUS P8H61-MX', 'Seagate 500GB', 'Kingston 4GB', 'Kingston 4GB', NULL, NULL, 'ASUS PQ321Q', 23),
(4397, 'Máy 14', 'Core i5 3337U', 'ASUS P8H61-MX', 'Seagate 500GB', 'Kingston 4GB', 'Kingston 4GB', NULL, NULL, 'ASUS PQ321Q', 23),
(4398, 'Máy 15', 'Core i5 3337U', 'ASUS P8H61-MX', 'Seagate 500GB', 'Kingston 4GB', 'Kingston 4GB', NULL, NULL, 'ASUS PQ321Q', 23),
(4399, 'Máy 16', 'Core i5 3337U', 'ASUS P8H61-MX', 'Seagate 500GB', 'Kingston 4GB', 'Kingston 4GB', NULL, NULL, 'ASUS PQ321Q', 23),
(4400, 'Máy 17', 'Core i5 3337U', 'ASUS P8H61-MX', 'Seagate 500GB', 'Kingston 4GB', 'Kingston 4GB', NULL, NULL, 'ASUS PQ321Q', 23),
(4401, 'Máy 18', 'Core i5 3337U', 'ASUS P8H61-MX', 'Seagate 500GB', 'Kingston 4GB', 'Kingston 4GB', NULL, NULL, 'ASUS PQ321Q', 23),
(4402, 'Máy 19', 'Core i5 3337U', 'ASUS P8H61-MX', 'Seagate 500GB', 'Kingston 4GB', 'Kingston 4GB', NULL, NULL, 'ASUS PQ321Q', 23),
(4403, 'Máy 20', 'Core i5 3337U', 'ASUS P8H61-MX', 'Seagate 500GB', 'Kingston 4GB', 'Kingston 4GB', NULL, NULL, 'ASUS PQ321Q', 23),
(4404, 'Máy 21', 'Core i5 3337U', 'ASUS P8H61-MX', 'Seagate 500GB', 'Kingston 4GB', 'Kingston 4GB', NULL, NULL, 'ASUS PQ321Q', 23),
(4405, 'Máy 22', 'Core i5 3337U', 'ASUS P8H61-MX', 'Seagate 500GB', 'Kingston 4GB', 'Kingston 4GB', NULL, NULL, 'ASUS PQ321Q', 23),
(4406, 'Máy 23', 'Core i5 3337U', 'ASUS P8H61-MX', 'Seagate 500GB', 'Kingston 4GB', 'Kingston 4GB', NULL, NULL, 'ASUS PQ321Q', 23),
(4407, 'Máy 24', 'Core i5 3337U', 'ASUS P8H61-MX', 'Seagate 500GB', 'Kingston 4GB', 'Kingston 4GB', NULL, NULL, 'ASUS PQ321Q', 23),
(4408, 'Máy 25', 'Core i5 3337U', 'ASUS P8H61-MX', 'Seagate 500GB', 'Kingston 4GB', 'Kingston 4GB', NULL, NULL, 'ASUS PQ321Q', 23),
(4409, 'Máy 26', 'Core i5 3337U', 'ASUS P8H61-MX', 'Seagate 500GB', 'Kingston 4GB', 'Kingston 4GB', NULL, NULL, 'ASUS PQ321Q', 23),
(4410, 'Máy 27', 'Core i5 3337U', 'ASUS P8H61-MX', 'Seagate 500GB', 'Kingston 4GB', 'Kingston 4GB', NULL, NULL, 'ASUS PQ321Q', 23),
(4411, 'Máy 28', 'Core i5 3337U', 'ASUS P8H61-MX', 'Seagate 500GB', 'Kingston 4GB', 'Kingston 4GB', NULL, NULL, 'ASUS PQ321Q', 23),
(4412, 'Máy 29', 'Core i5 3337U', 'ASUS P8H61-MX', 'Seagate 500GB', 'Kingston 4GB', 'Kingston 4GB', NULL, NULL, 'ASUS PQ321Q', 23),
(4413, 'Máy 30', 'Core i5 3337U', 'ASUS P8H61-MX', 'Seagate 500GB', 'Kingston 4GB', 'Kingston 4GB', NULL, NULL, 'ASUS PQ321Q', 23),
(4414, 'Máy 31', 'Core i5 3337U', 'ASUS P8H61-MX', 'Seagate 500GB', 'Kingston 4GB', 'Kingston 4GB', NULL, NULL, 'ASUS PQ321Q', 23),
(4415, 'Máy 32', 'Core i5 3337U', 'ASUS P8H61-MX', 'Seagate 500GB', 'Kingston 4GB', 'Kingston 4GB', NULL, NULL, 'ASUS PQ321Q', 23),
(4416, 'Máy 33', 'Core i5 3337U', 'ASUS P8H61-MX', 'Seagate 500GB', 'Kingston 4GB', 'Kingston 4GB', NULL, NULL, 'ASUS PQ321Q', 23),
(4417, 'Máy 34', 'Core i5 3337U', 'ASUS P8H61-MX', 'Seagate 500GB', 'Kingston 4GB', 'Kingston 4GB', NULL, NULL, 'ASUS PQ321Q', 23),
(4418, 'Máy 35', 'Core i5 3337U', 'ASUS P8H61-MX', 'Seagate 500GB', 'Kingston 4GB', 'Kingston 4GB', NULL, NULL, 'ASUS PQ321Q', 23),
(4419, 'Máy 36', 'Core i5 3337U', 'ASUS P8H61-MX', 'Seagate 500GB', 'Kingston 4GB', 'Kingston 4GB', NULL, NULL, 'ASUS PQ321Q', 23),
(4420, 'Máy 37', 'Core i5 3337U', 'ASUS P8H61-MX', 'Seagate 500GB', 'Kingston 4GB', 'Kingston 4GB', NULL, NULL, 'ASUS PQ321Q', 23),
(4421, 'Máy 38', 'Core i5 3337U', 'ASUS P8H61-MX', 'Seagate 500GB', 'Kingston 4GB', 'Kingston 4GB', NULL, NULL, 'ASUS PQ321Q', 23),
(4422, 'Máy 39', 'Core i5 3337U', 'ASUS P8H61-MX', 'Seagate 500GB', 'Kingston 4GB', 'Kingston 4GB', NULL, NULL, 'ASUS PQ321Q', 23),
(4423, 'Máy 40', 'Core i5 3337U', 'ASUS P8H61-MX', 'Seagate 500GB', 'Kingston 4GB', 'Kingston 4GB', NULL, NULL, 'ASUS PQ321Q', 23),
(4424, 'Máy 41', 'Core i5 3337U', 'ASUS P8H61-MX', 'Seagate 500GB', 'Kingston 4GB', 'Kingston 4GB', NULL, NULL, 'ASUS PQ321Q', 23),
(4425, 'Máy 42', 'Core i5 3337U', 'ASUS P8H61-MX', 'Seagate 500GB', 'Kingston 4GB', 'Kingston 4GB', NULL, NULL, 'ASUS PQ321Q', 23),
(4426, 'Máy 43', 'Core i5 3337U', 'ASUS P8H61-MX', 'Seagate 500GB', 'Kingston 4GB', 'Kingston 4GB', NULL, NULL, 'ASUS PQ321Q', 23),
(4427, 'Máy 44', 'Core i5 3337U', 'ASUS P8H61-MX', 'Seagate 500GB', 'Kingston 4GB', 'Kingston 4GB', NULL, NULL, 'ASUS PQ321Q', 23),
(4428, 'Máy 45', 'Core i5 3337U', 'ASUS P8H61-MX', 'Seagate 500GB', 'Kingston 4GB', 'Kingston 4GB', NULL, NULL, 'ASUS PQ321Q', 23),
(4429, 'Máy 46', 'Core i5 3337U', 'ASUS P8H61-MX', 'Seagate 500GB', 'Kingston 4GB', 'Kingston 4GB', NULL, NULL, 'ASUS PQ321Q', 23),
(4430, 'Máy 47', 'Core i5 3337U', 'ASUS P8H61-MX', 'Seagate 500GB', 'Kingston 4GB', 'Kingston 4GB', NULL, NULL, 'ASUS PQ321Q', 23),
(4431, 'Máy 48', 'Core i5 3337U', 'ASUS P8H61-MX', 'Seagate 500GB', 'Kingston 4GB', 'Kingston 4GB', NULL, NULL, 'ASUS PQ321Q', 23),
(4432, 'Máy 49', 'Core i5 3337U', 'ASUS P8H61-MX', 'Seagate 500GB', 'Kingston 4GB', 'Kingston 4GB', NULL, NULL, 'ASUS PQ321Q', 23),
(4433, 'Máy 50', 'Core i5 3337U', 'ASUS P8H61-MX', 'Seagate 500GB', 'Kingston 4GB', 'Kingston 4GB', NULL, NULL, 'ASUS PQ321Q', 23),
(4434, 'Máy 1', 'Core i5 3337U', 'ASUS P8H61-MX', 'Seagate 500GB', 'Kingston 4GB', 'Kingston 4GB', NULL, NULL, 'ASUS PQ321Q', 24),
(4435, 'Máy 2', 'Core i5 3337U', 'ASUS P8H61-MX', 'Seagate 500GB', 'Kingston 4GB', 'Kingston 4GB', NULL, NULL, 'ASUS PQ321Q', 24),
(4436, 'Máy 3', 'Core i5 3337U', 'ASUS P8H61-MX', 'Seagate 500GB', 'Kingston 4GB', 'Kingston 4GB', NULL, NULL, 'ASUS PQ321Q', 24),
(4437, 'Máy 4', 'Core i5 3337U', 'ASUS P8H61-MX', 'Seagate 500GB', 'Kingston 4GB', 'Kingston 4GB', NULL, NULL, 'ASUS PQ321Q', 24),
(4438, 'Máy 5', 'Core i5 3337U', 'ASUS P8H61-MX', 'Seagate 500GB', 'Kingston 4GB', 'Kingston 4GB', NULL, NULL, 'ASUS PQ321Q', 24),
(4439, 'Máy 6', 'Core i5 3337U', 'ASUS P8H61-MX', 'Seagate 500GB', 'Kingston 4GB', 'Kingston 4GB', NULL, NULL, 'ASUS PQ321Q', 24),
(4440, 'Máy 7', 'Core i5 3337U', 'ASUS P8H61-MX', 'Seagate 500GB', 'Kingston 4GB', 'Kingston 4GB', NULL, NULL, 'ASUS PQ321Q', 24),
(4441, 'Máy 8', 'Core i5 3337U', 'ASUS P8H61-MX', 'Seagate 500GB', 'Kingston 4GB', 'Kingston 4GB', NULL, NULL, 'ASUS PQ321Q', 24),
(4442, 'Máy 9', 'Core i5 3337U', 'ASUS P8H61-MX', 'Seagate 500GB', 'Kingston 4GB', 'Kingston 4GB', NULL, NULL, 'ASUS PQ321Q', 24),
(4443, 'Máy 10', 'Core i5 3337U', 'ASUS P8H61-MX', 'Seagate 500GB', 'Kingston 4GB', 'Kingston 4GB', NULL, NULL, 'ASUS PQ321Q', 24),
(4444, 'Máy 11', 'Core i5 3337U', 'ASUS P8H61-MX', 'Seagate 500GB', 'Kingston 4GB', 'Kingston 4GB', NULL, NULL, 'ASUS PQ321Q', 24),
(4445, 'Máy 12', 'Core i5 3337U', 'ASUS P8H61-MX', 'Seagate 500GB', 'Kingston 4GB', 'Kingston 4GB', NULL, NULL, 'ASUS PQ321Q', 24),
(4446, 'Máy 13', 'Core i5 3337U', 'ASUS P8H61-MX', 'Seagate 500GB', 'Kingston 4GB', 'Kingston 4GB', NULL, NULL, 'ASUS PQ321Q', 24),
(4447, 'Máy 14', 'Core i5 3337U', 'ASUS P8H61-MX', 'Seagate 500GB', 'Kingston 4GB', 'Kingston 4GB', NULL, NULL, 'ASUS PQ321Q', 24),
(4448, 'Máy 15', 'Core i5 3337U', 'ASUS P8H61-MX', 'Seagate 500GB', 'Kingston 4GB', 'Kingston 4GB', NULL, NULL, 'ASUS PQ321Q', 24),
(4449, 'Máy 16', 'Core i5 3337U', 'ASUS P8H61-MX', 'Seagate 500GB', 'Kingston 4GB', 'Kingston 4GB', NULL, NULL, 'ASUS PQ321Q', 24),
(4450, 'Máy 17', 'Core i5 3337U', 'ASUS P8H61-MX', 'Seagate 500GB', 'Kingston 4GB', 'Kingston 4GB', NULL, NULL, 'ASUS PQ321Q', 24),
(4451, 'Máy 18', 'Core i5 3337U', 'ASUS P8H61-MX', 'Seagate 500GB', 'Kingston 4GB', 'Kingston 4GB', NULL, NULL, 'ASUS PQ321Q', 24),
(4452, 'Máy 19', 'Core i5 3337U', 'ASUS P8H61-MX', 'Seagate 500GB', 'Kingston 4GB', 'Kingston 4GB', NULL, NULL, 'ASUS PQ321Q', 24),
(4453, 'Máy 20', 'Core i5 3337U', 'ASUS P8H61-MX', 'Seagate 500GB', 'Kingston 4GB', 'Kingston 4GB', NULL, NULL, 'ASUS PQ321Q', 24),
(4454, 'Máy 21', 'Core i5 3337U', 'ASUS P8H61-MX', 'Seagate 500GB', 'Kingston 4GB', 'Kingston 4GB', NULL, NULL, 'ASUS PQ321Q', 24),
(4455, 'Máy 22', 'Core i5 3337U', 'ASUS P8H61-MX', 'Seagate 500GB', 'Kingston 4GB', 'Kingston 4GB', NULL, NULL, 'ASUS PQ321Q', 24),
(4456, 'Máy 23', 'Core i5 3337U', 'ASUS P8H61-MX', 'Seagate 500GB', 'Kingston 4GB', 'Kingston 4GB', NULL, NULL, 'ASUS PQ321Q', 24),
(4457, 'Máy 24', 'Core i5 3337U', 'ASUS P8H61-MX', 'Seagate 500GB', 'Kingston 4GB', 'Kingston 4GB', NULL, NULL, 'ASUS PQ321Q', 24),
(4458, 'Máy 25', 'Core i5 3337U', 'ASUS P8H61-MX', 'Seagate 500GB', 'Kingston 4GB', 'Kingston 4GB', NULL, NULL, 'ASUS PQ321Q', 24),
(4459, 'Máy 26', 'Core i5 3337U', 'ASUS P8H61-MX', 'Seagate 500GB', 'Kingston 4GB', 'Kingston 4GB', NULL, NULL, 'ASUS PQ321Q', 24),
(4460, 'Máy 27', 'Core i5 3337U', 'ASUS P8H61-MX', 'Seagate 500GB', 'Kingston 4GB', 'Kingston 4GB', NULL, NULL, 'ASUS PQ321Q', 24),
(4461, 'Máy 28', 'Core i5 3337U', 'ASUS P8H61-MX', 'Seagate 500GB', 'Kingston 4GB', 'Kingston 4GB', NULL, NULL, 'ASUS PQ321Q', 24),
(4462, 'Máy 29', 'Core i5 3337U', 'ASUS P8H61-MX', 'Seagate 500GB', 'Kingston 4GB', 'Kingston 4GB', NULL, NULL, 'ASUS PQ321Q', 24),
(4463, 'Máy 30', 'Core i5 3337U', 'ASUS P8H61-MX', 'Seagate 500GB', 'Kingston 4GB', 'Kingston 4GB', NULL, NULL, 'ASUS PQ321Q', 24),
(4464, 'Máy 31', 'Core i5 3337U', 'ASUS P8H61-MX', 'Seagate 500GB', 'Kingston 4GB', 'Kingston 4GB', NULL, NULL, 'ASUS PQ321Q', 24),
(4465, 'Máy 32', 'Core i5 3337U', 'ASUS P8H61-MX', 'Seagate 500GB', 'Kingston 4GB', 'Kingston 4GB', NULL, NULL, 'ASUS PQ321Q', 24),
(4466, 'Máy 33', 'Core i5 3337U', 'ASUS P8H61-MX', 'Seagate 500GB', 'Kingston 4GB', 'Kingston 4GB', NULL, NULL, 'ASUS PQ321Q', 24),
(4467, 'Máy 34', 'Core i5 3337U', 'ASUS P8H61-MX', 'Seagate 500GB', 'Kingston 4GB', 'Kingston 4GB', NULL, NULL, 'ASUS PQ321Q', 24),
(4468, 'Máy 35', 'Core i5 3337U', 'ASUS P8H61-MX', 'Seagate 500GB', 'Kingston 4GB', 'Kingston 4GB', NULL, NULL, 'ASUS PQ321Q', 24),
(4469, 'Máy 36', 'Core i5 3337U', 'ASUS P8H61-MX', 'Seagate 500GB', 'Kingston 4GB', 'Kingston 4GB', NULL, NULL, 'ASUS PQ321Q', 24),
(4470, 'Máy 37', 'Core i5 3337U', 'ASUS P8H61-MX', 'Seagate 500GB', 'Kingston 4GB', 'Kingston 4GB', NULL, NULL, 'ASUS PQ321Q', 24),
(4471, 'Máy 38', 'Core i5 3337U', 'ASUS P8H61-MX', 'Seagate 500GB', 'Kingston 4GB', 'Kingston 4GB', NULL, NULL, 'ASUS PQ321Q', 24),
(4472, 'Máy 39', 'Core i5 3337U', 'ASUS P8H61-MX', 'Seagate 500GB', 'Kingston 4GB', 'Kingston 4GB', NULL, NULL, 'ASUS PQ321Q', 24),
(4473, 'Máy 40', 'Core i5 3337U', 'ASUS P8H61-MX', 'Seagate 500GB', 'Kingston 4GB', 'Kingston 4GB', NULL, NULL, 'ASUS PQ321Q', 24),
(4474, 'Máy 41', 'Core i5 3337U', 'ASUS P8H61-MX', 'Seagate 500GB', 'Kingston 4GB', 'Kingston 4GB', NULL, NULL, 'ASUS PQ321Q', 24),
(4475, 'Máy 42', 'Core i5 3337U', 'ASUS P8H61-MX', 'Seagate 500GB', 'Kingston 4GB', 'Kingston 4GB', NULL, NULL, 'ASUS PQ321Q', 24),
(4476, 'Máy 43', 'Core i5 3337U', 'ASUS P8H61-MX', 'Seagate 500GB', 'Kingston 4GB', 'Kingston 4GB', NULL, NULL, 'ASUS PQ321Q', 24),
(4477, 'Máy 44', 'Core i5 3337U', 'ASUS P8H61-MX', 'Seagate 500GB', 'Kingston 4GB', 'Kingston 4GB', NULL, NULL, 'ASUS PQ321Q', 24),
(4478, 'Máy 45', 'Core i5 3337U', 'ASUS P8H61-MX', 'Seagate 500GB', 'Kingston 4GB', 'Kingston 4GB', NULL, NULL, 'ASUS PQ321Q', 24),
(4479, 'Máy 46', 'Core i5 3337U', 'ASUS P8H61-MX', 'Seagate 500GB', 'Kingston 4GB', 'Kingston 4GB', NULL, NULL, 'ASUS PQ321Q', 24),
(4480, 'Máy 47', 'Core i5 3337U', 'ASUS P8H61-MX', 'Seagate 500GB', 'Kingston 4GB', 'Kingston 4GB', NULL, NULL, 'ASUS PQ321Q', 24),
(4481, 'Máy 48', 'Core i5 3337U', 'ASUS P8H61-MX', 'Seagate 500GB', 'Kingston 4GB', 'Kingston 4GB', NULL, NULL, 'ASUS PQ321Q', 24),
(4482, 'Máy 49', 'Core i5 3337U', 'ASUS P8H61-MX', 'Seagate 500GB', 'Kingston 4GB', 'Kingston 4GB', NULL, NULL, 'ASUS PQ321Q', 24),
(4483, 'Máy 50', 'Core i5 3337U', 'ASUS P8H61-MX', 'Seagate 500GB', 'Kingston 4GB', 'Kingston 4GB', NULL, NULL, 'ASUS PQ321Q', 24),
(4484, 'Máy 1', 'Core i5 3337U', 'ASUS P8H61-MX', 'Seagate 500GB', 'Kingston 4GB', 'Kingston 4GB', NULL, NULL, 'ASUS PQ321Q', 25),
(4485, 'Máy 2', 'Core i5 3337U', 'ASUS P8H61-MX', 'Seagate 500GB', 'Kingston 4GB', 'Kingston 4GB', NULL, NULL, 'ASUS PQ321Q', 25),
(4486, 'Máy 3', 'Core i5 3337U', 'ASUS P8H61-MX', 'Seagate 500GB', 'Kingston 4GB', 'Kingston 4GB', NULL, NULL, 'ASUS PQ321Q', 25),
(4487, 'Máy 4', 'Core i5 3337U', 'ASUS P8H61-MX', 'Seagate 500GB', 'Kingston 4GB', 'Kingston 4GB', NULL, NULL, 'ASUS PQ321Q', 25),
(4488, 'Máy 5', 'Core i5 3337U', 'ASUS P8H61-MX', 'Seagate 500GB', 'Kingston 4GB', 'Kingston 4GB', NULL, NULL, 'ASUS PQ321Q', 25),
(4489, 'Máy 6', 'Core i5 3337U', 'ASUS P8H61-MX', 'Seagate 500GB', 'Kingston 4GB', 'Kingston 4GB', NULL, NULL, 'ASUS PQ321Q', 25),
(4490, 'Máy 7', 'Core i5 3337U', 'ASUS P8H61-MX', 'Seagate 500GB', 'Kingston 4GB', 'Kingston 4GB', NULL, NULL, 'ASUS PQ321Q', 25),
(4491, 'Máy 8', 'Core i5 3337U', 'ASUS P8H61-MX', 'Seagate 500GB', 'Kingston 4GB', 'Kingston 4GB', NULL, NULL, 'ASUS PQ321Q', 25),
(4492, 'Máy 9', 'Core i5 3337U', 'ASUS P8H61-MX', 'Seagate 500GB', 'Kingston 4GB', 'Kingston 4GB', NULL, NULL, 'ASUS PQ321Q', 25),
(4493, 'Máy 10', 'Core i5 3337U', 'ASUS P8H61-MX', 'Seagate 500GB', 'Kingston 4GB', 'Kingston 4GB', NULL, NULL, 'ASUS PQ321Q', 25),
(4494, 'Máy 11', 'Core i5 3337U', 'ASUS P8H61-MX', 'Seagate 500GB', 'Kingston 4GB', 'Kingston 4GB', NULL, NULL, 'ASUS PQ321Q', 25),
(4495, 'Máy 12', 'Core i5 3337U', 'ASUS P8H61-MX', 'Seagate 500GB', 'Kingston 4GB', 'Kingston 4GB', NULL, NULL, 'ASUS PQ321Q', 25),
(4496, 'Máy 13', 'Core i5 3337U', 'ASUS P8H61-MX', 'Seagate 500GB', 'Kingston 4GB', 'Kingston 4GB', NULL, NULL, 'ASUS PQ321Q', 25),
(4497, 'Máy 14', 'Core i5 3337U', 'ASUS P8H61-MX', 'Seagate 500GB', 'Kingston 4GB', 'Kingston 4GB', NULL, NULL, 'ASUS PQ321Q', 25),
(4498, 'Máy 15', 'Core i5 3337U', 'ASUS P8H61-MX', 'Seagate 500GB', 'Kingston 4GB', 'Kingston 4GB', NULL, NULL, 'ASUS PQ321Q', 25),
(4499, 'Máy 16', 'Core i5 3337U', 'ASUS P8H61-MX', 'Seagate 500GB', 'Kingston 4GB', 'Kingston 4GB', NULL, NULL, 'ASUS PQ321Q', 25),
(4500, 'Máy 17', 'Core i5 3337U', 'ASUS P8H61-MX', 'Seagate 500GB', 'Kingston 4GB', 'Kingston 4GB', NULL, NULL, 'ASUS PQ321Q', 25),
(4501, 'Máy 18', 'Core i5 3337U', 'ASUS P8H61-MX', 'Seagate 500GB', 'Kingston 4GB', 'Kingston 4GB', NULL, NULL, 'ASUS PQ321Q', 25),
(4502, 'Máy 19', 'Core i5 3337U', 'ASUS P8H61-MX', 'Seagate 500GB', 'Kingston 4GB', 'Kingston 4GB', NULL, NULL, 'ASUS PQ321Q', 25),
(4503, 'Máy 20', 'Core i5 3337U', 'ASUS P8H61-MX', 'Seagate 500GB', 'Kingston 4GB', 'Kingston 4GB', NULL, NULL, 'ASUS PQ321Q', 25),
(4504, 'Máy 21', 'Core i5 3337U', 'ASUS P8H61-MX', 'Seagate 500GB', 'Kingston 4GB', 'Kingston 4GB', NULL, NULL, 'ASUS PQ321Q', 25),
(4505, 'Máy 22', 'Core i5 3337U', 'ASUS P8H61-MX', 'Seagate 500GB', 'Kingston 4GB', 'Kingston 4GB', NULL, NULL, 'ASUS PQ321Q', 25),
(4506, 'Máy 23', 'Core i5 3337U', 'ASUS P8H61-MX', 'Seagate 500GB', 'Kingston 4GB', 'Kingston 4GB', NULL, NULL, 'ASUS PQ321Q', 25),
(4507, 'Máy 24', 'Core i5 3337U', 'ASUS P8H61-MX', 'Seagate 500GB', 'Kingston 4GB', 'Kingston 4GB', NULL, NULL, 'ASUS PQ321Q', 25),
(4508, 'Máy 25', 'Core i5 3337U', 'ASUS P8H61-MX', 'Seagate 500GB', 'Kingston 4GB', 'Kingston 4GB', NULL, NULL, 'ASUS PQ321Q', 25),
(4509, 'Máy 26', 'Core i5 3337U', 'ASUS P8H61-MX', 'Seagate 500GB', 'Kingston 4GB', 'Kingston 4GB', NULL, NULL, 'ASUS PQ321Q', 25),
(4510, 'Máy 27', 'Core i5 3337U', 'ASUS P8H61-MX', 'Seagate 500GB', 'Kingston 4GB', 'Kingston 4GB', NULL, NULL, 'ASUS PQ321Q', 25),
(4511, 'Máy 28', 'Core i5 3337U', 'ASUS P8H61-MX', 'Seagate 500GB', 'Kingston 4GB', 'Kingston 4GB', NULL, NULL, 'ASUS PQ321Q', 25),
(4512, 'Máy 29', 'Core i5 3337U', 'ASUS P8H61-MX', 'Seagate 500GB', 'Kingston 4GB', 'Kingston 4GB', NULL, NULL, 'ASUS PQ321Q', 25),
(4513, 'Máy 30', 'Core i5 3337U', 'ASUS P8H61-MX', 'Seagate 500GB', 'Kingston 4GB', 'Kingston 4GB', NULL, NULL, 'ASUS PQ321Q', 25),
(4514, 'Máy 31', 'Core i5 3337U', 'ASUS P8H61-MX', 'Seagate 500GB', 'Kingston 4GB', 'Kingston 4GB', NULL, NULL, 'ASUS PQ321Q', 25),
(4515, 'Máy 32', 'Core i5 3337U', 'ASUS P8H61-MX', 'Seagate 500GB', 'Kingston 4GB', 'Kingston 4GB', NULL, NULL, 'ASUS PQ321Q', 25),
(4516, 'Máy 33', 'Core i5 3337U', 'ASUS P8H61-MX', 'Seagate 500GB', 'Kingston 4GB', 'Kingston 4GB', NULL, NULL, 'ASUS PQ321Q', 25),
(4517, 'Máy 34', 'Core i5 3337U', 'ASUS P8H61-MX', 'Seagate 500GB', 'Kingston 4GB', 'Kingston 4GB', NULL, NULL, 'ASUS PQ321Q', 25),
(4518, 'Máy 35', 'Core i5 3337U', 'ASUS P8H61-MX', 'Seagate 500GB', 'Kingston 4GB', 'Kingston 4GB', NULL, NULL, 'ASUS PQ321Q', 25),
(4519, 'Máy 36', 'Core i5 3337U', 'ASUS P8H61-MX', 'Seagate 500GB', 'Kingston 4GB', 'Kingston 4GB', NULL, NULL, 'ASUS PQ321Q', 25),
(4520, 'Máy 37', 'Core i5 3337U', 'ASUS P8H61-MX', 'Seagate 500GB', 'Kingston 4GB', 'Kingston 4GB', NULL, NULL, 'ASUS PQ321Q', 25),
(4521, 'Máy 38', 'Core i5 3337U', 'ASUS P8H61-MX', 'Seagate 500GB', 'Kingston 4GB', 'Kingston 4GB', NULL, NULL, 'ASUS PQ321Q', 25),
(4522, 'Máy 39', 'Core i5 3337U', 'ASUS P8H61-MX', 'Seagate 500GB', 'Kingston 4GB', 'Kingston 4GB', NULL, NULL, 'ASUS PQ321Q', 25),
(4523, 'Máy 40', 'Core i5 3337U', 'ASUS P8H61-MX', 'Seagate 500GB', 'Kingston 4GB', 'Kingston 4GB', NULL, NULL, 'ASUS PQ321Q', 25),
(4524, 'Máy 41', 'Core i5 3337U', 'ASUS P8H61-MX', 'Seagate 500GB', 'Kingston 4GB', 'Kingston 4GB', NULL, NULL, 'ASUS PQ321Q', 25),
(4525, 'Máy 42', 'Core i5 3337U', 'ASUS P8H61-MX', 'Seagate 500GB', 'Kingston 4GB', 'Kingston 4GB', NULL, NULL, 'ASUS PQ321Q', 25),
(4526, 'Máy 43', 'Core i5 3337U', 'ASUS P8H61-MX', 'Seagate 500GB', 'Kingston 4GB', 'Kingston 4GB', NULL, NULL, 'ASUS PQ321Q', 25),
(4527, 'Máy 44', 'Core i5 3337U', 'ASUS P8H61-MX', 'Seagate 500GB', 'Kingston 4GB', 'Kingston 4GB', NULL, NULL, 'ASUS PQ321Q', 25),
(4528, 'Máy 45', 'Core i5 3337U', 'ASUS P8H61-MX', 'Seagate 500GB', 'Kingston 4GB', 'Kingston 4GB', NULL, NULL, 'ASUS PQ321Q', 25),
(4529, 'Máy 46', 'Core i5 3337U', 'ASUS P8H61-MX', 'Seagate 500GB', 'Kingston 4GB', 'Kingston 4GB', NULL, NULL, 'ASUS PQ321Q', 25),
(4530, 'Máy 47', 'Core i5 3337U', 'ASUS P8H61-MX', 'Seagate 500GB', 'Kingston 4GB', 'Kingston 4GB', NULL, NULL, 'ASUS PQ321Q', 25),
(4531, 'Máy 48', 'Core i5 3337U', 'ASUS P8H61-MX', 'Seagate 500GB', 'Kingston 4GB', 'Kingston 4GB', NULL, NULL, 'ASUS PQ321Q', 25),
(4532, 'Máy 49', 'Core i5 3337U', 'ASUS P8H61-MX', 'Seagate 500GB', 'Kingston 4GB', 'Kingston 4GB', NULL, NULL, 'ASUS PQ321Q', 25),
(4533, 'Máy 50', 'Core i5 3337U', 'ASUS P8H61-MX', 'Seagate 500GB', 'Kingston 4GB', 'Kingston 4GB', NULL, NULL, 'ASUS PQ321Q', 25),
(4534, 'Máy 1', 'Core i5 3337U', 'ASUS P8H61-MX', 'Seagate 500GB', 'Kingston 4GB', 'Kingston 4GB', NULL, NULL, 'ASUS PQ321Q', 26),
(4535, 'Máy 2', 'Core i5 3337U', 'ASUS P8H61-MX', 'Seagate 500GB', 'Kingston 4GB', 'Kingston 4GB', NULL, NULL, 'ASUS PQ321Q', 26),
(4536, 'Máy 3', 'Core i5 3337U', 'ASUS P8H61-MX', 'Seagate 500GB', 'Kingston 4GB', 'Kingston 4GB', NULL, NULL, 'ASUS PQ321Q', 26),
(4537, 'Máy 4', 'Core i5 3337U', 'ASUS P8H61-MX', 'Seagate 500GB', 'Kingston 4GB', 'Kingston 4GB', NULL, NULL, 'ASUS PQ321Q', 26),
(4538, 'Máy 5', 'Core i5 3337U', 'ASUS P8H61-MX', 'Seagate 500GB', 'Kingston 4GB', 'Kingston 4GB', NULL, NULL, 'ASUS PQ321Q', 26),
(4539, 'Máy 6', 'Core i5 3337U', 'ASUS P8H61-MX', 'Seagate 500GB', 'Kingston 4GB', 'Kingston 4GB', NULL, NULL, 'ASUS PQ321Q', 26),
(4540, 'Máy 7', 'Core i5 3337U', 'ASUS P8H61-MX', 'Seagate 500GB', 'Kingston 4GB', 'Kingston 4GB', NULL, NULL, 'ASUS PQ321Q', 26),
(4541, 'Máy 8', 'Core i5 3337U', 'ASUS P8H61-MX', 'Seagate 500GB', 'Kingston 4GB', 'Kingston 4GB', NULL, NULL, 'ASUS PQ321Q', 26),
(4542, 'Máy 9', 'Core i5 3337U', 'ASUS P8H61-MX', 'Seagate 500GB', 'Kingston 4GB', 'Kingston 4GB', NULL, NULL, 'ASUS PQ321Q', 26),
(4543, 'Máy 10', 'Core i5 3337U', 'ASUS P8H61-MX', 'Seagate 500GB', 'Kingston 4GB', 'Kingston 4GB', NULL, NULL, 'ASUS PQ321Q', 26),
(4544, 'Máy 11', 'Core i5 3337U', 'ASUS P8H61-MX', 'Seagate 500GB', 'Kingston 4GB', 'Kingston 4GB', NULL, NULL, 'ASUS PQ321Q', 26),
(4545, 'Máy 12', 'Core i5 3337U', 'ASUS P8H61-MX', 'Seagate 500GB', 'Kingston 4GB', 'Kingston 4GB', NULL, NULL, 'ASUS PQ321Q', 26),
(4546, 'Máy 13', 'Core i5 3337U', 'ASUS P8H61-MX', 'Seagate 500GB', 'Kingston 4GB', 'Kingston 4GB', NULL, NULL, 'ASUS PQ321Q', 26),
(4547, 'Máy 14', 'Core i5 3337U', 'ASUS P8H61-MX', 'Seagate 500GB', 'Kingston 4GB', 'Kingston 4GB', NULL, NULL, 'ASUS PQ321Q', 26),
(4548, 'Máy 15', 'Core i5 3337U', 'ASUS P8H61-MX', 'Seagate 500GB', 'Kingston 4GB', 'Kingston 4GB', NULL, NULL, 'ASUS PQ321Q', 26),
(4549, 'Máy 16', 'Core i5 3337U', 'ASUS P8H61-MX', 'Seagate 500GB', 'Kingston 4GB', 'Kingston 4GB', NULL, NULL, 'ASUS PQ321Q', 26),
(4550, 'Máy 17', 'Core i5 3337U', 'ASUS P8H61-MX', 'Seagate 500GB', 'Kingston 4GB', 'Kingston 4GB', NULL, NULL, 'ASUS PQ321Q', 26),
(4551, 'Máy 18', 'Core i5 3337U', 'ASUS P8H61-MX', 'Seagate 500GB', 'Kingston 4GB', 'Kingston 4GB', NULL, NULL, 'ASUS PQ321Q SLIM', 26),
(4552, 'Máy 19', 'Core i5 3337U', 'ASUS P8H61-MX', 'Seagate 500GB', 'Kingston 4GB', 'Kingston 4GB', NULL, NULL, 'ASUS PQ321Q', 26),
(4553, 'Máy 20', 'Core i5 3337U', 'ASUS P8H61-MX', 'Seagate 500GB', 'Kingston 4GB', 'Kingston 4GB', NULL, NULL, 'ASUS PQ321Q', 26),
(4554, 'Máy 21', 'Core i5 3337U', 'ASUS P8H61-MX', 'Seagate 500GB', 'Kingston 4GB', 'Kingston 4GB', NULL, NULL, 'ASUS PQ321Q', 26),
(4555, 'Máy 22', 'Core i5 3337U', 'ASUS P8H61-MX', 'Seagate 500GB', 'Kingston 4GB', 'Kingston 4GB', NULL, NULL, 'ASUS PQ321Q', 26),
(4556, 'Máy 23', 'Core i5 3337U', 'ASUS P8H61-MX', 'Seagate 500GB', 'Kingston 4GB', 'Kingston 4GB', NULL, NULL, 'ASUS PQ321Q', 26),
(4557, 'Máy 24', 'Core i5 3337U', 'ASUS P8H61-MX', 'Seagate 500GB', 'Kingston 4GB', 'Kingston 4GB', NULL, NULL, 'ASUS PQ321Q', 26),
(4558, 'Máy 25', 'Core i5 3337U', 'ASUS P8H61-MX', 'Seagate 500GB', 'Kingston 4GB', 'Kingston 4GB', NULL, NULL, 'ASUS PQ321Q', 26),
(4559, 'Máy 26', 'Core i5 3337U', 'ASUS P8H61-MX', 'Seagate 500GB', 'Kingston 4GB', 'Kingston 4GB', NULL, NULL, 'ASUS PQ321Q', 26),
(4560, 'Máy 27', 'Core i5 3337U', 'ASUS P8H61-MX', 'Seagate 500GB', 'Kingston 4GB', 'Kingston 4GB', NULL, NULL, 'ASUS PQ321Q', 26),
(4561, 'Máy 28', 'Core i5 3337U', 'ASUS P8H61-MX', 'Seagate 500GB', 'Kingston 4GB', 'Kingston 4GB', NULL, NULL, 'ASUS PQ321Q', 26),
(4562, 'Máy 29', 'Core i5 3337U', 'ASUS P8H61-MX', 'Seagate 500GB', 'Kingston 4GB', 'Kingston 4GB', NULL, NULL, 'ASUS PQ321Q', 26),
(4563, 'Máy 30', 'Core i5 3337U', 'ASUS P8H61-MX', 'Seagate 500GB', 'Kingston 4GB', 'Kingston 4GB', NULL, NULL, 'ASUS PQ321Q', 26),
(4564, 'Máy 31', 'Core i5 3337U', 'ASUS P8H61-MX', 'Seagate 500GB', 'Kingston 4GB', 'Kingston 4GB', NULL, NULL, 'ASUS PQ321Q', 26),
(4565, 'Máy 32', 'Core i5 3337U', 'ASUS P8H61-MX', 'Seagate 500GB', 'Kingston 4GB', 'Kingston 4GB', NULL, NULL, 'ASUS PQ321Q', 26),
(4566, 'Máy 33', 'Core i5 3337U', 'ASUS P8H61-MX', 'Seagate 500GB', 'Kingston 4GB', 'Kingston 4GB', NULL, NULL, 'ASUS PQ321Q', 26),
(4567, 'Máy 34', 'Core i5 3337U', 'ASUS P8H61-MX', 'Seagate 500GB', 'Kingston 4GB', 'Kingston 4GB', NULL, NULL, 'ASUS PQ321Q', 26),
(4568, 'Máy 35', 'Core i5 3337U', 'ASUS P8H61-MX', 'Seagate 500GB', 'Kingston 4GB', 'Kingston 4GB', NULL, NULL, 'ASUS PQ321Q', 26),
(4569, 'Máy 36', 'Core i5 3337U', 'ASUS P8H61-MX', 'Seagate 500GB', 'Kingston 4GB', 'Kingston 4GB', NULL, NULL, 'ASUS PQ321Q', 26),
(4570, 'Máy 37', 'Core i5 3337U', 'ASUS P8H61-MX', 'Seagate 500GB', 'Kingston 4GB', 'Kingston 4GB', NULL, NULL, 'ASUS PQ321Q', 26),
(4571, 'Máy 38', 'Core i5 3337U', 'ASUS P8H61-MX', 'Seagate 500GB', 'Kingston 4GB', 'Kingston 4GB', NULL, NULL, 'ASUS PQ321Q', 26),
(4572, 'Máy 39', 'Core i5 3337U', 'ASUS P8H61-MX', 'Seagate 500GB', 'Kingston 4GB', 'Kingston 4GB', NULL, NULL, 'ASUS PQ321Q', 26),
(4573, 'Máy 40', 'Core i5 3337U', 'ASUS P8H61-MX', 'Seagate 500GB', 'Kingston 4GB', 'Kingston 4GB', NULL, NULL, 'ASUS PQ321Q', 26),
(4574, 'Máy 41', 'Core i5 3337U', 'ASUS P8H61-MX', 'Seagate 500GB', 'Kingston 4GB', 'Kingston 4GB', NULL, NULL, 'ASUS PQ321Q', 26),
(4575, 'Máy 42', 'Core i5 3337U', 'ASUS P8H61-MX', 'Seagate 500GB', 'Kingston 4GB', 'Kingston 4GB', NULL, NULL, 'ASUS PQ321Q', 26),
(4576, 'Máy 43', 'Core i5 3337U', 'ASUS P8H61-MX', 'Seagate 500GB', 'Kingston 4GB', 'Kingston 4GB', NULL, NULL, 'ASUS PQ321Q', 26),
(4577, 'Máy 44', 'Core i5 3337U', 'ASUS P8H61-MX', 'Seagate 500GB', 'Kingston 4GB', 'Kingston 4GB', NULL, NULL, 'ASUS PQ321Q', 26),
(4578, 'Máy 45', 'Core i5 3337U', 'ASUS P8H61-MX', 'Seagate 500GB', 'Kingston 4GB', 'Kingston 4GB', NULL, NULL, 'ASUS PQ321Q', 26),
(4579, 'Máy 46', 'Core i5 3337U', 'ASUS P8H61-MX', 'Seagate 500GB', 'Kingston 4GB', 'Kingston 4GB', NULL, NULL, 'ASUS PQ321Q', 26),
(4580, 'Máy 47', 'Core i5 3337U', 'ASUS P8H61-MX', 'Seagate 500GB', 'Kingston 4GB', 'Kingston 4GB', NULL, NULL, 'ASUS PQ321Q', 26),
(4581, 'Máy 48', 'Core i5 3337U', 'ASUS P8H61-MX', 'Seagate 500GB', 'Kingston 4GB', 'Kingston 4GB', NULL, NULL, 'ASUS PQ321Q', 26),
(4582, 'Máy 49', 'Core i5 3337U', 'ASUS P8H61-MX', 'Seagate 500GB', 'Kingston 4GB', 'Kingston 4GB', NULL, NULL, 'ASUS PQ321Q', 26),
(4583, 'Máy 50', 'Core i5 3337U', 'ASUS P8H61-MX', 'Seagate 500GB', 'Kingston 4GB', 'Kingston 4GB', NULL, NULL, 'ASUS PQ321Q', 26),
(4584, 'Máy 1', 'Core i5 3337U', 'ASUS P8H61-MX', 'Seagate 500GB', 'Kingston 4GB', 'Kingston 4GB', NULL, NULL, 'ASUS PQ321Q', 27),
(4585, 'Máy 2', 'Core i5 3337U', 'ASUS P8H61-MX', 'Seagate 500GB', 'Kingston 4GB', 'Kingston 4GB', NULL, NULL, 'ASUS PQ321Q', 27),
(4586, 'Máy 3', 'Core i5 3337U', 'ASUS P8H61-MX', 'Seagate 500GB', 'Kingston 4GB', 'Kingston 4GB', NULL, NULL, 'ASUS PQ321Q', 27),
(4587, 'Máy 4', 'Core i5 3337U', 'ASUS P8H61-MX', 'Seagate 500GB', 'Kingston 4GB', 'Kingston 4GB', NULL, NULL, 'ASUS PQ321Q', 27),
(4588, 'Máy 5', 'Core i5 3337U', 'ASUS P8H61-MX', 'Seagate 500GB', 'Kingston 4GB', 'Kingston 4GB', NULL, NULL, 'ASUS PQ321Q', 27),
(4589, 'Máy 6', 'Core i5 3337U', 'ASUS P8H61-MX', 'Seagate 500GB', 'Kingston 4GB', 'Kingston 4GB', NULL, NULL, 'ASUS PQ321Q', 27),
(4590, 'Máy 7', 'Core i5 3337U', 'ASUS P8H61-MX', 'Seagate 500GB', 'Kingston 4GB', 'Kingston 4GB', NULL, NULL, 'ASUS PQ321Q', 27),
(4591, 'Máy 8', 'Core i5 3337U', 'ASUS P8H61-MX', 'Seagate 500GB', 'Kingston 4GB', 'Kingston 4GB', NULL, NULL, 'ASUS PQ321Q', 27),
(4592, 'Máy 9', 'Core i5 3337U', 'ASUS P8H61-MX', 'Seagate 500GB', 'Kingston 4GB', 'Kingston 4GB', NULL, NULL, 'ASUS PQ321Q', 27),
(4593, 'Máy 10', 'Core i5 3337U', 'ASUS P8H61-MX', 'Seagate 500GB', 'Kingston 4GB', 'Kingston 4GB', NULL, NULL, 'ASUS PQ321Q', 27),
(4594, 'Máy 11', 'Core i5 3337U', 'ASUS P8H61-MX', 'Seagate 500GB', 'Kingston 4GB', 'Kingston 4GB', NULL, NULL, 'ASUS PQ321Q', 27),
(4595, 'Máy 12', 'Core i5 3337U', 'ASUS P8H61-MX', 'Seagate 500GB', 'Kingston 4GB', 'Kingston 4GB', NULL, NULL, 'ASUS PQ321Q', 27),
(4596, 'Máy 13', 'Core i5 3337U', 'ASUS P8H61-MX', 'Seagate 500GB', 'Kingston 4GB', 'Kingston 4GB', NULL, NULL, 'ASUS PQ321Q', 27),
(4597, 'Máy 14', 'Core i5 3337U', 'ASUS P8H61-MX', 'Seagate 500GB', 'Kingston 4GB', 'Kingston 4GB', NULL, NULL, 'ASUS PQ321Q', 27),
(4598, 'Máy 15', 'Core i5 3337U', 'ASUS P8H61-MX', 'Seagate 500GB', 'Kingston 4GB', 'Kingston 4GB', NULL, NULL, 'ASUS PQ321Q', 27),
(4599, 'Máy 16', 'Core i5 3337U', 'ASUS P8H61-MX', 'Seagate 500GB', 'Kingston 4GB', 'Kingston 4GB', NULL, NULL, 'ASUS PQ321Q', 27),
(4600, 'Máy 17', 'Core i5 3337U', 'ASUS P8H61-MX', 'Seagate 500GB', 'Kingston 4GB', 'Kingston 4GB', NULL, NULL, 'ASUS PQ321Q', 27),
(4601, 'Máy 18', 'Core i5 3337U', 'ASUS P8H61-MX', 'Seagate 500GB', 'Kingston 4GB', 'Kingston 4GB', NULL, NULL, 'ASUS PQ321Q', 27),
(4602, 'Máy 19', 'Core i5 3337U', 'ASUS P8H61-MX', 'Seagate 500GB', 'Kingston 4GB', 'Kingston 4GB', NULL, NULL, 'ASUS PQ321Q', 27),
(4603, 'Máy 20', 'Core i5 3337U', 'ASUS P8H61-MX', 'Seagate 500GB', 'Kingston 4GB', 'Kingston 4GB', NULL, NULL, 'ASUS PQ321Q', 27),
(4604, 'Máy 21', 'Core i5 3337U', 'ASUS P8H61-MX', 'Seagate 500GB', 'Kingston 4GB', 'Kingston 4GB', NULL, NULL, 'ASUS PQ321Q', 27),
(4605, 'Máy 22', 'Core i5 3337U', 'ASUS P8H61-MX', 'Seagate 500GB', 'Kingston 4GB', 'Kingston 4GB', NULL, NULL, 'ASUS PQ321Q', 27),
(4606, 'Máy 23', 'Core i5 3337U', 'ASUS P8H61-MX', 'Seagate 500GB', 'Kingston 4GB', 'Kingston 4GB', NULL, NULL, 'ASUS PQ321Q', 27),
(4607, 'Máy 24', 'Core i5 3337U', 'ASUS P8H61-MX', 'Seagate 500GB', 'Kingston 4GB', 'Kingston 4GB', NULL, NULL, 'ASUS PQ321Q', 27),
(4608, 'Máy 25', 'Core i5 3337U', 'ASUS P8H61-MX', 'Seagate 500GB', 'Kingston 4GB', 'Kingston 4GB', NULL, NULL, 'ASUS PQ321Q', 27),
(4609, 'Máy 26', 'Core i5 3337U', 'ASUS P8H61-MX', 'Seagate 500GB', 'Kingston 4GB', 'Kingston 4GB', NULL, NULL, 'ASUS PQ321Q', 27),
(4610, 'Máy 27', 'Core i5 3337U', 'ASUS P8H61-MX', 'Seagate 500GB', 'Kingston 4GB', 'Kingston 4GB', NULL, NULL, 'ASUS PQ321Q', 27),
(4611, 'Máy 28', 'Core i5 3337U', 'ASUS P8H61-MX', 'Seagate 500GB', 'Kingston 4GB', 'Kingston 4GB', NULL, NULL, 'ASUS PQ321Q', 27),
(4612, 'Máy 29', 'Core i5 3337U', 'ASUS P8H61-MX', 'Seagate 500GB', 'Kingston 4GB', 'Kingston 4GB', NULL, NULL, 'ASUS PQ321Q', 27),
(4613, 'Máy 30', 'Core i5 3337U', 'ASUS P8H61-MX', 'Seagate 500GB', 'Kingston 4GB', 'Kingston 4GB', NULL, NULL, 'ASUS PQ321Q', 27),
(4614, 'Máy 31', 'Core i5 3337U', 'ASUS P8H61-MX', 'Seagate 500GB', 'Kingston 4GB', 'Kingston 4GB', NULL, NULL, 'ASUS PQ321Q', 27),
(4615, 'Máy 32', 'Core i5 3337U', 'ASUS P8H61-MX', 'Seagate 500GB', 'Kingston 4GB', 'Kingston 4GB', NULL, NULL, 'ASUS PQ321Q', 27),
(4616, 'Máy 33', 'Core i5 3337U', 'ASUS P8H61-MX', 'Seagate 500GB', 'Kingston 4GB', 'Kingston 4GB', NULL, NULL, 'ASUS PQ321Q', 27),
(4617, 'Máy 34', 'Core i5 3337U', 'ASUS P8H61-MX', 'Seagate 500GB', 'Kingston 4GB', 'Kingston 4GB', NULL, NULL, 'ASUS PQ321Q', 27),
(4618, 'Máy 35', 'Core i5 3337U', 'ASUS P8H61-MX', 'Seagate 500GB', 'Kingston 4GB', 'Kingston 4GB', NULL, NULL, 'ASUS PQ321Q', 27),
(4619, 'Máy 36', 'Core i5 3337U', 'ASUS P8H61-MX', 'Seagate 500GB', 'Kingston 4GB', 'Kingston 4GB', NULL, NULL, 'ASUS PQ321Q', 27);
INSERT INTO `maytinh` (`autonum`, `tenmay`, `chipset`, `main`, `hdd`, `ram1`, `ram2`, `ram3`, `ram4`, `manhinh`, `phong`) VALUES
(4620, 'Máy 37', 'Core i5 3337U', 'ASUS P8H61-MX', 'Seagate 500GB', 'Kingston 4GB', 'Kingston 4GB', NULL, NULL, 'ASUS PQ321Q', 27),
(4621, 'Máy 38', 'Core i5 3337U', 'ASUS P8H61-MX', 'Seagate 500GB', 'Kingston 4GB', 'Kingston 4GB', NULL, NULL, 'ASUS PQ321Q', 27),
(4622, 'Máy 39', 'Core i5 3337U', 'ASUS P8H61-MX', 'Seagate 500GB', 'Kingston 4GB', 'Kingston 4GB', NULL, NULL, 'ASUS PQ321Q', 27),
(4623, 'Máy 40', 'Core i5 3337U', 'ASUS P8H61-MX', 'Seagate 500GB', 'Kingston 4GB', 'Kingston 4GB', NULL, NULL, 'ASUS PQ321Q', 27),
(4624, 'Máy 41', 'Core i5 3337U', 'ASUS P8H61-MX', 'Seagate 500GB', 'Kingston 4GB', 'Kingston 4GB', NULL, NULL, 'ASUS PQ321Q', 27),
(4625, 'Máy 42', 'Core i5 3337U', 'ASUS P8H61-MX', 'Seagate 500GB', 'Kingston 4GB', 'Kingston 4GB', NULL, NULL, 'ASUS PQ321Q', 27),
(4626, 'Máy 43', 'Core i5 3337U', 'ASUS P8H61-MX', 'Seagate 500GB', 'Kingston 4GB', 'Kingston 4GB', NULL, NULL, 'ASUS PQ321Q', 27),
(4627, 'Máy 44', 'Core i5 3337U', 'ASUS P8H61-MX', 'Seagate 500GB', 'Kingston 4GB', 'Kingston 4GB', NULL, NULL, 'ASUS PQ321Q', 27),
(4628, 'Máy 45', 'Core i5 3337U', 'ASUS P8H61-MX', 'Seagate 500GB', 'Kingston 4GB', 'Kingston 4GB', NULL, NULL, 'ASUS PQ321Q', 27),
(4629, 'Máy 46', 'Core i5 3337U', 'ASUS P8H61-MX', 'Seagate 500GB', 'Kingston 4GB', 'Kingston 4GB', NULL, NULL, 'ASUS PQ321Q', 27),
(4630, 'Máy 47', 'Core i5 3337U', 'ASUS P8H61-MX', 'Seagate 500GB', 'Kingston 4GB', 'Kingston 4GB', NULL, NULL, 'ASUS PQ321Q', 27),
(4631, 'Máy 48', 'Core i5 3337U', 'ASUS P8H61-MX', 'Seagate 500GB', 'Kingston 4GB', 'Kingston 4GB', NULL, NULL, 'ASUS PQ321Q', 27),
(4632, 'Máy 49', 'Core i5 3337U', 'ASUS P8H61-MX', 'Seagate 500GB', 'Kingston 4GB', 'Kingston 4GB', NULL, NULL, 'ASUS PQ321Q', 27),
(4633, 'Máy 50', 'Core i5 3337U', 'ASUS P8H61-MX', 'Seagate 500GB', 'Kingston 4GB', 'Kingston 4GB', NULL, NULL, 'ASUS PQ321Q', 27),
(4684, 'Máy 1', 'Core i5 3337U', 'ASUS P8H61-MX', 'Seagate 500GB', 'Kingston 4GB', 'Kingston 4GB', NULL, NULL, 'ASUS PQ321Q', 29),
(4685, 'Máy 2', 'Core i5 3337U', 'ASUS P8H61-MX', 'Seagate 500GB', 'Kingston 4GB', 'Kingston 4GB', NULL, NULL, 'ASUS PQ321Q', 29),
(4686, 'Máy 3', 'Core i5 3337U', 'ASUS P8H61-MX', 'Seagate 500GB', 'Kingston 4GB', 'Kingston 4GB', NULL, NULL, 'ASUS PQ321Q', 29),
(4687, 'Máy 4', 'Core i5 3337U', 'ASUS P8H61-MX', 'Seagate 500GB', 'Kingston 4GB', 'Kingston 4GB', NULL, NULL, 'ASUS PQ321Q', 29),
(4688, 'Máy 5', 'Core i5 3337U', 'ASUS P8H61-MX', 'Seagate 500GB', 'Kingston 4GB', 'Kingston 4GB', NULL, NULL, 'ASUS PQ321Q', 29),
(4689, 'Máy 6', 'Core i5 3337U', 'ASUS P8H61-MX', 'Seagate 500GB', 'Kingston 4GB', 'Kingston 4GB', NULL, NULL, 'ASUS PQ321Q', 29),
(4690, 'Máy 7', 'Core i5 3337U', 'ASUS P8H61-MX', 'Seagate 500GB', 'Kingston 4GB', 'Kingston 4GB', NULL, NULL, 'ASUS PQ321Q', 29),
(4691, 'Máy 8', 'Core i5 3337U', 'ASUS P8H61-MX', 'Seagate 500GB', 'Kingston 4GB', 'Kingston 4GB', NULL, NULL, 'ASUS PQ321Q', 29),
(4692, 'Máy 9', 'Core i5 3337U', 'ASUS P8H61-MX', 'Seagate 500GB', 'Kingston 4GB', 'Kingston 4GB', NULL, NULL, 'ASUS PQ321Q', 29),
(4693, 'Máy 10', 'Core i5 3337U', 'ASUS P8H61-MX', 'Seagate 500GB', 'Kingston 4GB', 'Kingston 4GB', NULL, NULL, 'ASUS PQ321Q', 29),
(4694, 'Máy 11', 'Core i5 3337U', 'ASUS P8H61-MX', 'Seagate 500GB', 'Kingston 4GB', 'Kingston 4GB', NULL, NULL, 'ASUS PQ321Q', 29),
(4695, 'Máy 12', 'Core i5 3337U', 'ASUS P8H61-MX', 'Seagate 500GB', 'Kingston 4GB', 'Kingston 4GB', NULL, NULL, 'ASUS PQ321Q', 29),
(4696, 'Máy 13', 'Core i5 3337U', 'ASUS P8H61-MX', 'Seagate 500GB', 'Kingston 4GB', 'Kingston 4GB', NULL, NULL, 'ASUS PQ321Q', 29),
(4697, 'Máy 14', 'Core i5 3337U', 'ASUS P8H61-MX', 'Seagate 500GB', 'Kingston 4GB', 'Kingston 4GB', NULL, NULL, 'ASUS PQ321Q', 29),
(4698, 'Máy 15', 'Core i5 3337U', 'ASUS P8H61-MX', 'Seagate 500GB', 'Kingston 4GB', 'Kingston 4GB', NULL, NULL, 'ASUS PQ321Q', 29),
(4699, 'Máy 16', 'Core i5 3337U', 'ASUS P8H61-MX', 'Seagate 500GB', 'Kingston 4GB', 'Kingston 4GB', NULL, NULL, 'ASUS PQ321Q', 29),
(4700, 'Máy 17', 'Core i5 3337U', 'ASUS P8H61-MX', 'Seagate 500GB', 'Kingston 4GB', 'Kingston 4GB', NULL, NULL, 'ASUS PQ321Q', 29),
(4701, 'Máy 18', 'Core i5 3337U', 'ASUS P8H61-MX', 'Seagate 500GB', 'Kingston 4GB', 'Kingston 4GB', NULL, NULL, 'ASUS PQ321Q', 29),
(4702, 'Máy 19', 'Core i5 3337U', 'ASUS P8H61-MX', 'Seagate 500GB', 'Kingston 4GB', 'Kingston 4GB', NULL, NULL, 'ASUS PQ321Q', 29),
(4703, 'Máy 20', 'Core i5 3337U', 'ASUS P8H61-MX', 'Seagate 500GB', 'Kingston 4GB', 'Kingston 4GB', NULL, NULL, 'ASUS PQ321Q', 29),
(4704, 'Máy 21', 'Core i5 3337U', 'ASUS P8H61-MX', 'Seagate 500GB', 'Kingston 4GB', 'Kingston 4GB', NULL, NULL, 'ASUS PQ321Q', 29),
(4705, 'Máy 22', 'Core i5 3337U', 'ASUS P8H61-MX', 'Seagate 500GB', 'Kingston 4GB', 'Kingston 4GB', NULL, NULL, 'ASUS PQ321Q', 29),
(4706, 'Máy 23', 'Core i5 3337U', 'ASUS P8H61-MX', 'Seagate 500GB', 'Kingston 4GB', 'Kingston 4GB', NULL, NULL, 'ASUS PQ321Q', 29),
(4707, 'Máy 24', 'Core i5 3337U', 'ASUS P8H61-MX', 'Seagate 500GB', 'Kingston 4GB', 'Kingston 4GB', NULL, NULL, 'ASUS PQ321Q', 29),
(4708, 'Máy 25', 'Core i5 3337U', 'ASUS P8H61-MX', 'Seagate 500GB', 'Kingston 4GB', 'Kingston 4GB', NULL, NULL, 'ASUS PQ321Q', 29),
(4709, 'Máy 26', 'Core i5 3337U', 'ASUS P8H61-MX', 'Seagate 500GB', 'Kingston 4GB', 'Kingston 4GB', NULL, NULL, 'ASUS PQ321Q', 29),
(4710, 'Máy 27', 'Core i5 3337U', 'ASUS P8H61-MX', 'Seagate 500GB', 'Kingston 4GB', 'Kingston 4GB', NULL, NULL, 'ASUS PQ321Q', 29),
(4711, 'Máy 28', 'Core i5 3337U', 'ASUS P8H61-MX', 'Seagate 500GB', 'Kingston 4GB', 'Kingston 4GB', NULL, NULL, 'ASUS PQ321Q', 29),
(4712, 'Máy 29', 'Core i5 3337U', 'ASUS P8H61-MX', 'Seagate 500GB', 'Kingston 4GB', 'Kingston 4GB', NULL, NULL, 'ASUS PQ321Q', 29),
(4713, 'Máy 30', 'Core i5 3337U', 'ASUS P8H61-MX', 'Seagate 500GB', 'Kingston 4GB', 'Kingston 4GB', NULL, NULL, 'ASUS PQ321Q', 29),
(4714, 'Máy 31', 'Core i5 3337U', 'ASUS P8H61-MX', 'Seagate 500GB', 'Kingston 4GB', 'Kingston 4GB', NULL, NULL, 'ASUS PQ321Q', 29),
(4715, 'Máy 32', 'Core i5 3337U', 'ASUS P8H61-MX', 'Seagate 500GB', 'Kingston 4GB', 'Kingston 4GB', NULL, NULL, 'ASUS PQ321Q', 29),
(4716, 'Máy 33', 'Core i5 3337U', 'ASUS P8H61-MX', 'Seagate 500GB', 'Kingston 4GB', 'Kingston 4GB', NULL, NULL, 'ASUS PQ321Q', 29),
(4717, 'Máy 34', 'Core i5 3337U', 'ASUS P8H61-MX', 'Seagate 500GB', 'Kingston 4GB', 'Kingston 4GB', NULL, NULL, 'ASUS PQ321Q', 29),
(4718, 'Máy 35', 'Core i5 3337U', 'ASUS P8H61-MX', 'Seagate 500GB', 'Kingston 4GB', 'Kingston 4GB', NULL, NULL, 'ASUS PQ321Q', 29),
(4719, 'Máy 36', 'Core i5 3337U', 'ASUS P8H61-MX', 'Seagate 500GB', 'Kingston 4GB', 'Kingston 4GB', NULL, NULL, 'ASUS PQ321Q', 29),
(4720, 'Máy 37', 'Core i5 3337U', 'ASUS P8H61-MX', 'Seagate 500GB', 'Kingston 4GB', 'Kingston 4GB', NULL, NULL, 'ASUS PQ321Q', 29),
(4721, 'Máy 38', 'Core i5 3337U', 'ASUS P8H61-MX', 'Seagate 500GB', 'Kingston 4GB', 'Kingston 4GB', NULL, NULL, 'ASUS PQ321Q', 29),
(4722, 'Máy 39', 'Core i5 3337U', 'ASUS P8H61-MX', 'Seagate 500GB', 'Kingston 4GB', 'Kingston 4GB', NULL, NULL, 'ASUS PQ321Q', 29),
(4723, 'Máy 40', 'Core i5 3337U', 'ASUS P8H61-MX', 'Seagate 500GB', 'Kingston 4GB', 'Kingston 4GB', NULL, NULL, 'ASUS PQ321Q', 29),
(4724, 'Máy 41', 'Core i5 3337U', 'ASUS P8H61-MX', 'Seagate 500GB', 'Kingston 4GB', 'Kingston 4GB', NULL, NULL, 'ASUS PQ321Q', 29),
(4725, 'Máy 42', 'Core i5 3337U', 'ASUS P8H61-MX', 'Seagate 500GB', 'Kingston 4GB', 'Kingston 4GB', NULL, NULL, 'ASUS PQ321Q', 29),
(4726, 'Máy 43', 'Core i5 3337U', 'ASUS P8H61-MX', 'Seagate 500GB', 'Kingston 4GB', 'Kingston 4GB', NULL, NULL, 'ASUS PQ321Q', 29),
(4727, 'Máy 44', 'Core i5 3337U', 'ASUS P8H61-MX', 'Seagate 500GB', 'Kingston 4GB', 'Kingston 4GB', NULL, NULL, 'ASUS PQ321Q', 29),
(4728, 'Máy 45', 'Core i5 3337U', 'ASUS P8H61-MX', 'Seagate 500GB', 'Kingston 4GB', 'Kingston 4GB', NULL, NULL, 'ASUS PQ321Q', 29),
(4729, 'Máy 46', 'Core i5 3337U', 'ASUS P8H61-MX', 'Seagate 500GB', 'Kingston 4GB', 'Kingston 4GB', NULL, NULL, 'ASUS PQ321Q', 29),
(4730, 'Máy 47', 'Core i5 3337U', 'ASUS P8H61-MX', 'Seagate 500GB', 'Kingston 4GB', 'Kingston 4GB', NULL, NULL, 'ASUS PQ321Q', 29),
(4731, 'Máy 48', 'Core i5 3337U', 'ASUS P8H61-MX', 'Seagate 500GB', 'Kingston 4GB', 'Kingston 4GB', NULL, NULL, 'ASUS PQ321Q', 29),
(4732, 'Máy 49', 'Core i5 3337U', 'ASUS P8H61-MX', 'Seagate 500GB', 'Kingston 4GB', 'Kingston 4GB', NULL, NULL, 'ASUS PQ321Q', 29),
(4733, 'Máy 50', 'Core i5 3337U', 'ASUS P8H61-MX', 'Seagate 500GB', 'Kingston 4GB', 'Kingston 4GB', NULL, NULL, 'ASUS PQ321Q', 29),
(4742, 'Máy 9', 'Core i5 3337U', 'ASUS P8H61-MX', 'Seagate 500GB', 'Kingston 4GB', 'Kingston 4GB', NULL, NULL, 'ASUS PQ321Q', 30),
(4743, 'Máy 10', 'Core i5 3337U', 'ASUS P8H61-MX', 'Seagate 500GB', 'Kingston 4GB', 'Kingston 4GB', NULL, NULL, 'ASUS PQ321Q', 30),
(4744, 'Máy 11', 'Core i5 3337U', 'ASUS P8H61-MX', 'Seagate 500GB', 'Kingston 4GB', 'Kingston 4GB', NULL, NULL, 'ASUS PQ321Q', 30),
(4745, 'Máy 12', 'Core i5 3337U', 'ASUS P8H61-MX', 'Seagate 500GB', 'Kingston 4GB', 'Kingston 4GB', NULL, NULL, 'ASUS PQ321Q', 30),
(4746, 'Máy 13', 'Core i5 3337U', 'ASUS P8H61-MX', 'Seagate 500GB', 'Kingston 4GB', 'Kingston 4GB', NULL, NULL, 'ASUS PQ321Q', 30),
(4747, 'Máy 14', 'Core i5 3337U', 'ASUS P8H61-MX', 'Seagate 500GB', 'Kingston 4GB', 'Kingston 4GB', NULL, NULL, 'ASUS PQ321Q', 30),
(4748, 'Máy 15', 'Core i5 3337U', 'ASUS P8H61-MX', 'Seagate 500GB', 'Kingston 4GB', 'Kingston 4GB', NULL, NULL, 'ASUS PQ321Q', 30),
(4749, 'Máy 16', 'Core i5 3337U', 'ASUS P8H61-MX', 'Seagate 500GB', 'Kingston 4GB', 'Kingston 4GB', NULL, NULL, 'ASUS PQ321Q', 30),
(4750, 'Máy 17', 'Core i5 3337U', 'ASUS P8H61-MX', 'Seagate 500GB', 'Kingston 4GB', 'Kingston 4GB', NULL, NULL, 'ASUS PQ321Q', 30),
(4751, 'Máy 18', 'Core i5 3337U', 'ASUS P8H61-MX', 'Seagate 500GB', 'Kingston 4GB', 'Kingston 4GB', NULL, NULL, 'ASUS PQ321Q', 30),
(4752, 'Máy 19', 'Core i5 3337U', 'ASUS P8H61-MX', 'Seagate 500GB', 'Kingston 4GB', 'Kingston 4GB', NULL, NULL, 'ASUS PQ321Q', 30),
(4753, 'Máy 20', 'Core i5 3337U', 'ASUS P8H61-MX', 'Seagate 500GB', 'Kingston 4GB', 'Kingston 4GB', NULL, NULL, 'ASUS PQ321Q', 30),
(4754, 'Máy 21', 'Core i5 3337U', 'ASUS P8H61-MX', 'Seagate 500GB', 'Kingston 4GB', 'Kingston 4GB', NULL, NULL, 'ASUS PQ321Q', 30),
(4755, 'Máy 22', 'Core i5 3337U', 'ASUS P8H61-MX', 'Seagate 500GB', 'Kingston 4GB', 'Kingston 4GB', NULL, NULL, 'ASUS PQ321Q', 30),
(4756, 'Máy 23', 'Core i5 3337U', 'ASUS P8H61-MX', 'Seagate 500GB', 'Kingston 4GB', 'Kingston 4GB', NULL, NULL, 'ASUS PQ321Q', 30),
(4757, 'Máy 24', 'Core i5 3337U', 'ASUS P8H61-MX', 'Seagate 500GB', 'Kingston 4GB', 'Kingston 4GB', NULL, NULL, 'ASUS PQ321Q', 30),
(4758, 'Máy 25', 'Core i5 3337U', 'ASUS P8H61-MX', 'Seagate 500GB', 'Kingston 4GB', 'Kingston 4GB', NULL, NULL, 'ASUS PQ321Q', 30),
(4759, 'Máy 26', 'Core i5 3337U', 'ASUS P8H61-MX', 'Seagate 500GB', 'Kingston 4GB', 'Kingston 4GB', NULL, NULL, 'ASUS PQ321Q', 30),
(4760, 'Máy 27', 'Core i5 3337U', 'ASUS P8H61-MX', 'Seagate 500GB', 'Kingston 4GB', 'Kingston 4GB', NULL, NULL, 'ASUS PQ321Q', 30),
(4761, 'Máy 28', 'Core i5 3337U', 'ASUS P8H61-MX', 'Seagate 500GB', 'Kingston 4GB', 'Kingston 4GB', NULL, NULL, 'ASUS PQ321Q', 30),
(4762, 'Máy 29', 'Core i5 3337U', 'ASUS P8H61-MX', 'Seagate 500GB', 'Kingston 4GB', 'Kingston 4GB', NULL, NULL, 'ASUS PQ321Q', 30),
(4763, 'Máy 30', 'Core i5 3337U', 'ASUS P8H61-MX', 'Seagate 500GB', 'Kingston 4GB', 'Kingston 4GB', NULL, NULL, 'ASUS PQ321Q', 30),
(4764, 'Máy 31', 'Core i5 3337U', 'ASUS P8H61-MX', 'Seagate 500GB', 'Kingston 4GB', 'Kingston 4GB', NULL, NULL, 'ASUS PQ321Q', 30),
(4765, 'Máy 32', 'Core i5 3337U', 'ASUS P8H61-MX', 'Seagate 500GB', 'Kingston 4GB', 'Kingston 4GB', NULL, NULL, 'ASUS PQ321Q', 30),
(4766, 'Máy 33', 'Core i5 3337U', 'ASUS P8H61-MX', 'Seagate 500GB', 'Kingston 4GB', 'Kingston 4GB', NULL, NULL, 'ASUS PQ321Q', 30),
(4767, 'Máy 34', 'Core i5 3337U', 'ASUS P8H61-MX', 'Seagate 500GB', 'Kingston 4GB', 'Kingston 4GB', NULL, NULL, 'ASUS PQ321Q', 30),
(4768, 'Máy 35', 'Core i5 3337U', 'ASUS P8H61-MX', 'Seagate 500GB', 'Kingston 4GB', 'Kingston 4GB', NULL, NULL, 'ASUS PQ321Q', 30),
(4769, 'Máy 36', 'Core i5 3337U', 'ASUS P8H61-MX', 'Seagate 500GB', 'Kingston 4GB', 'Kingston 4GB', NULL, NULL, 'ASUS PQ321Q', 30),
(4770, 'Máy 37', 'Core i5 3337U', 'ASUS P8H61-MX', 'Seagate 500GB', 'Kingston 4GB', 'Kingston 4GB', NULL, NULL, 'ASUS PQ321Q', 30),
(4771, 'Máy 38', 'Core i5 3337U', 'ASUS P8H61-MX', 'Seagate 500GB', 'Kingston 4GB', 'Kingston 4GB', NULL, NULL, 'ASUS PQ321Q', 30),
(4772, 'Máy 39', 'Core i5 3337U', 'ASUS P8H61-MX', 'Seagate 500GB', 'Kingston 4GB', 'Kingston 4GB', NULL, NULL, 'ASUS PQ321Q', 30),
(4773, 'Máy 40', 'Core i5 3337U', 'ASUS P8H61-MX', 'Seagate 500GB', 'Kingston 4GB', 'Kingston 4GB', NULL, NULL, 'ASUS PQ321Q', 30),
(4774, 'Máy 41', 'Core i5 3337U', 'ASUS P8H61-MX', 'Seagate 500GB', 'Kingston 4GB', 'Kingston 4GB', NULL, NULL, 'ASUS PQ321Q', 30),
(4775, 'Máy 42', 'Core i5 3337U', 'ASUS P8H61-MX', 'Seagate 500GB', 'Kingston 4GB', 'Kingston 4GB', NULL, NULL, 'ASUS PQ321Q', 30),
(4776, 'Máy 43', 'Core i5 3337U', 'ASUS P8H61-MX', 'Seagate 500GB', 'Kingston 4GB', 'Kingston 4GB', NULL, NULL, 'ASUS PQ321Q', 30),
(4777, 'Máy 44', 'Core i5 3337U', 'ASUS P8H61-MX', 'Seagate 500GB', 'Kingston 4GB', 'Kingston 4GB', NULL, NULL, 'ASUS PQ321Q', 30),
(4778, 'Máy 45', 'Core i5 3337U', 'ASUS P8H61-MX', 'Seagate 500GB', 'Kingston 4GB', 'Kingston 4GB', NULL, NULL, 'ASUS PQ321Q', 30),
(4779, 'Máy 46', 'Core i5 3337U', 'ASUS P8H61-MX', 'Seagate 500GB', 'Kingston 4GB', 'Kingston 4GB', NULL, NULL, 'ASUS PQ321Q', 30),
(4780, 'Máy 47', 'Core i5 3337U', 'ASUS P8H61-MX', 'Seagate 500GB', 'Kingston 4GB', 'Kingston 4GB', NULL, NULL, 'ASUS PQ321Q', 30),
(4781, 'Máy 48', 'Core i5 3337U', 'ASUS P8H61-MX', 'Seagate 500GB', 'Kingston 4GB', 'Kingston 4GB', NULL, NULL, 'ASUS PQ321Q', 30),
(4783, 'Máy 50', 'Core i5 3337U', 'ASUS P8H61-MX', 'Seagate 500GB', 'Kingston 4GB', 'Kingston 4GB', NULL, NULL, 'ASUS PQ321Q', 30),
(4784, 'Máy 1', 'Core i5 3337U', 'ASUS P8H61-MX', 'Seagate 500GB', 'Kingston 4GB', 'Kingston 4GB', NULL, NULL, 'ASUS PQ321Q', 31),
(4785, 'Máy 2', 'Core i5 3337U', 'ASUS P8H61-MX', 'Seagate 500GB', 'Kingston 4GB', 'Kingston 4GB', NULL, NULL, 'ASUS PQ321Q', 31),
(4786, 'Máy 3', 'Core i5 3337U', 'ASUS P8H61-MX', 'Seagate 500GB', 'Kingston 4GB', 'Kingston 4GB', NULL, NULL, 'ASUS PQ321Q', 31),
(4787, 'Máy 4', 'Core i5 3337U', 'ASUS P8H61-MX', 'Seagate 500GB', 'Kingston 4GB', 'Kingston 4GB', NULL, NULL, 'ASUS PQ321Q', 31),
(4788, 'Máy 5', 'Core i5 3337U', 'ASUS P8H61-MX', 'Seagate 500GB', 'Kingston 4GB', 'Kingston 4GB', NULL, NULL, 'ASUS PQ321Q', 31),
(4789, 'Máy 6', 'Core i5 3337U', 'ASUS P8H61-MX', 'Seagate 500GB', 'Kingston 4GB', 'Kingston 4GB', NULL, NULL, 'ASUS PQ321Q', 31),
(4790, 'Máy 7', 'Core i5 3337U', 'ASUS P8H61-MX', 'Seagate 500GB', 'Kingston 4GB', 'Kingston 4GB', NULL, NULL, 'ASUS PQ321Q', 31),
(4791, 'Máy 8', 'Core i5 3337U', 'ASUS P8H61-MX', 'Seagate 500GB', 'Kingston 4GB', 'Kingston 4GB', NULL, NULL, 'ASUS PQ321Q', 31),
(4792, 'Máy 9', 'Core i5 3337U', 'ASUS P8H61-MX', 'Seagate 500GB', 'Kingston 4GB', 'Kingston 4GB', NULL, NULL, 'ASUS PQ321Q', 31),
(4793, 'Máy 10', 'Core i5 3337U', 'ASUS P8H61-MX', 'Seagate 500GB', 'Kingston 4GB', 'Kingston 4GB', NULL, NULL, 'ASUS PQ321Q', 31),
(4794, 'Máy 11', 'Core i5 3337U', 'ASUS P8H61-MX', 'Seagate 500GB', 'Kingston 4GB', 'Kingston 4GB', NULL, NULL, 'ASUS PQ321Q', 31),
(4795, 'Máy 12', 'Core i5 3337U', 'ASUS P8H61-MX', 'Seagate 500GB', 'Kingston 4GB', 'Kingston 4GB', NULL, NULL, 'ASUS PQ321Q', 31),
(4796, 'Máy 13', 'Core i5 3337U', 'ASUS P8H61-MX', 'Seagate 500GB', 'Kingston 4GB', 'Kingston 4GB', NULL, NULL, 'ASUS PQ321Q', 31),
(4797, 'Máy 14', 'Core i5 3337U', 'ASUS P8H61-MX', 'Seagate 500GB', 'Kingston 4GB', 'Kingston 4GB', NULL, NULL, 'ASUS PQ321Q', 31),
(4798, 'Máy 15', 'Core i5 3337U', 'ASUS P8H61-MX', 'Seagate 500GB', 'Kingston 4GB', 'Kingston 4GB', NULL, NULL, 'ASUS PQ321Q', 31),
(4799, 'Máy 16', 'Core i5 3337U', 'ASUS P8H61-MX', 'Seagate 500GB', 'Kingston 4GB', 'Kingston 4GB', NULL, NULL, 'ASUS PQ321Q', 31),
(4800, 'Máy 17', 'Core i5 3337U', 'ASUS P8H61-MX', 'Seagate 500GB', 'Kingston 4GB', 'Kingston 4GB', NULL, NULL, 'ASUS PQ321Q', 31),
(4801, 'Máy 18', 'Core i5 3337U', 'ASUS P8H61-MX', 'Seagate 500GB', 'Kingston 4GB', 'Kingston 4GB', NULL, NULL, 'ASUS PQ321Q', 31),
(4802, 'Máy 19', 'Core i5 3337U', 'ASUS P8H61-MX', 'Seagate 500GB', 'Kingston 4GB', 'Kingston 4GB', NULL, NULL, 'ASUS PQ321Q', 31),
(4803, 'Máy 20', 'Core i5 3337U', 'ASUS P8H61-MX', 'Seagate 500GB', 'Kingston 4GB', 'Kingston 4GB', NULL, NULL, 'ASUS PQ321Q', 31),
(4804, 'Máy 21', 'Core i5 3337U', 'ASUS P8H61-MX', 'Seagate 500GB', 'Kingston 4GB', 'Kingston 4GB', NULL, NULL, 'ASUS PQ321Q', 31),
(4805, 'Máy 22', 'Core i5 3337U', 'ASUS P8H61-MX', 'Seagate 500GB', 'Kingston 4GB', 'Kingston 4GB', NULL, NULL, 'ASUS PQ321Q', 31),
(4806, 'Máy 23', 'Core i5 3337U', 'ASUS P8H61-MX', 'Seagate 500GB', 'Kingston 4GB', 'Kingston 4GB', NULL, NULL, 'ASUS PQ321Q', 31),
(4807, 'Máy 24', 'Core i5 3337U', 'ASUS P8H61-MX', 'Seagate 500GB', 'Kingston 4GB', 'Kingston 4GB', NULL, NULL, 'ASUS PQ321Q', 31),
(4808, 'Máy 25', 'Core i5 3337U', 'ASUS P8H61-MX', 'Seagate 500GB', 'Kingston 4GB', 'Kingston 4GB', NULL, NULL, 'ASUS PQ321Q', 31),
(4809, 'Máy 26', 'Core i5 3337U', 'ASUS P8H61-MX', 'Seagate 500GB', 'Kingston 4GB', 'Kingston 4GB', NULL, NULL, 'ASUS PQ321Q', 31),
(4810, 'Máy 27', 'Core i5 3337U', 'ASUS P8H61-MX', 'Seagate 500GB', 'Kingston 4GB', 'Kingston 4GB', NULL, NULL, 'ASUS PQ321Q', 31),
(4811, 'Máy 28', 'Core i5 3337U', 'ASUS P8H61-MX', 'Seagate 500GB', 'Kingston 4GB', 'Kingston 4GB', NULL, NULL, 'ASUS PQ321Q', 31),
(4812, 'Máy 29', 'Core i5 3337U', 'ASUS P8H61-MX', 'Seagate 500GB', 'Kingston 4GB', 'Kingston 4GB', NULL, NULL, 'ASUS PQ321Q', 31),
(4813, 'Máy 30', 'Core i5 3337U', 'ASUS P8H61-MX', 'Seagate 500GB', 'Kingston 4GB', 'Kingston 4GB', NULL, NULL, 'ASUS PQ321Q', 31),
(4814, 'Máy 31', 'Core i5 3337U', 'ASUS P8H61-MX', 'Seagate 500GB', 'Kingston 4GB', 'Kingston 4GB', NULL, NULL, 'ASUS PQ321Q', 31),
(4815, 'Máy 32', 'Core i5 3337U', 'ASUS P8H61-MX', 'Seagate 500GB', 'Kingston 4GB', 'Kingston 4GB', NULL, NULL, 'ASUS PQ321Q', 31),
(4816, 'Máy 33', 'Core i5 3337U', 'ASUS P8H61-MX', 'Seagate 500GB', 'Kingston 4GB', 'Kingston 4GB', NULL, NULL, 'ASUS PQ321Q', 31),
(4817, 'Máy 34', 'Core i5 3337U', 'ASUS P8H61-MX', 'Seagate 500GB', 'Kingston 4GB', 'Kingston 4GB', NULL, NULL, 'ASUS PQ321Q', 31),
(4818, 'Máy 35', 'Core i5 3337U', 'ASUS P8H61-MX', 'Seagate 500GB', 'Kingston 4GB', 'Kingston 4GB', NULL, NULL, 'ASUS PQ321Q', 31),
(4819, 'Máy 36', 'Core i5 3337U', 'ASUS P8H61-MX', 'Seagate 500GB', 'Kingston 4GB', 'Kingston 4GB', NULL, NULL, 'ASUS PQ321Q', 31),
(4820, 'Máy 37', 'Core i5 3337U', 'ASUS P8H61-MX', 'Seagate 500GB', 'Kingston 4GB', 'Kingston 4GB', NULL, NULL, 'ASUS PQ321Q', 31),
(4821, 'Máy 38', 'Core i5 3337U', 'ASUS P8H61-MX', 'Seagate 500GB', 'Kingston 4GB', 'Kingston 4GB', NULL, NULL, 'ASUS PQ321Q', 31),
(4822, 'Máy 39', 'Core i5 3337U', 'ASUS P8H61-MX', 'Seagate 500GB', 'Kingston 4GB', 'Kingston 4GB', NULL, NULL, 'ASUS PQ321Q', 31),
(4823, 'Máy 40', 'Core i5 3337U', 'ASUS P8H61-MX', 'Seagate 500GB', 'Kingston 4GB', 'Kingston 4GB', NULL, NULL, 'ASUS PQ321Q', 31),
(4824, 'Máy 41', 'Core i5 3337U', 'ASUS P8H61-MX', 'Seagate 500GB', 'Kingston 4GB', 'Kingston 4GB', NULL, NULL, 'ASUS PQ321Q', 31),
(4825, 'Máy 42', 'Core i5 3337U', 'ASUS P8H61-MX', 'Seagate 500GB', 'Kingston 4GB', 'Kingston 4GB', NULL, NULL, 'ASUS PQ321Q', 31),
(4826, 'Máy 43', 'Core i5 3337U', 'ASUS P8H61-MX', 'Seagate 500GB', 'Kingston 4GB', 'Kingston 4GB', NULL, NULL, 'ASUS PQ321Q', 31),
(4827, 'Máy 44', 'Core i5 3337U', 'ASUS P8H61-MX', 'Seagate 500GB', 'Kingston 4GB', 'Kingston 4GB', NULL, NULL, 'ASUS PQ321Q', 31),
(4828, 'Máy 45', 'Core i5 3337U', 'ASUS P8H61-MX', 'Seagate 500GB', 'Kingston 4GB', 'Kingston 4GB', NULL, NULL, 'ASUS PQ321Q', 31),
(4829, 'Máy 46', 'Core i5 3337U', 'ASUS P8H61-MX', 'Seagate 500GB', 'Kingston 4GB', 'Kingston 4GB', NULL, NULL, 'ASUS PQ321Q', 31),
(4830, 'Máy 47', 'Core i5 3337U', 'ASUS P8H61-MX', 'Seagate 500GB', 'Kingston 4GB', 'Kingston 4GB', NULL, NULL, 'ASUS PQ321Q', 31),
(4831, 'Máy 48', 'Core i5 3337U', 'ASUS P8H61-MX', 'Seagate 500GB', 'Kingston 4GB', 'Kingston 4GB', NULL, NULL, 'ASUS PQ321Q', 31),
(4832, 'Máy 49', 'Core i5 3337U', 'ASUS P8H61-MX', 'Seagate 500GB', 'Kingston 4GB', 'Kingston 4GB', NULL, NULL, 'ASUS PQ321Q', 31),
(4833, 'Máy 50', 'Core i5 3337U', 'ASUS P8H61-MX', 'Seagate 500GB', 'Kingston 4GB', 'Kingston 4GB', NULL, NULL, 'ASUS PQ321Q', 31),
(4834, 'Máy 1', 'Core i5 3337U', 'ASUS P8H61-MX', 'Seagate 500GB', 'Kingston 4GB', 'Kingston 4GB', NULL, NULL, 'ASUS PQ321Q', 32),
(4835, 'Máy 2', 'Core i5 3337U', 'ASUS P8H61-MX', 'Seagate 500GB', 'Kingston 4GB', 'Kingston 4GB', NULL, NULL, 'ASUS PQ321Q', 32),
(4836, 'Máy 3', 'Core i5 3337U', 'ASUS P8H61-MX', 'Seagate 500GB', 'Kingston 4GB', 'Kingston 4GB', NULL, NULL, 'ASUS PQ321Q', 32),
(4837, 'Máy 4', 'Core i5 3337U', 'ASUS P8H61-MX', 'Seagate 500GB', 'Kingston 4GB', 'Kingston 4GB', NULL, NULL, 'ASUS PQ321Q', 32),
(4838, 'Máy 5', 'Core i5 3337U', 'ASUS P8H61-MX', 'Seagate 500GB', 'Kingston 4GB', 'Kingston 4GB', NULL, NULL, 'ASUS PQ321Q', 32),
(4839, 'Máy 6', 'Core i5 3337U', 'ASUS P8H61-MX', 'Seagate 500GB', 'Kingston 4GB', 'Kingston 4GB', NULL, NULL, 'ASUS PQ321Q', 32),
(4840, 'Máy 7', 'Core i5 3337U', 'ASUS P8H61-MX', 'Seagate 500GB', 'Kingston 4GB', 'Kingston 4GB', NULL, NULL, 'ASUS PQ321Q', 32),
(4841, 'Máy 8', 'Core i5 3337U', 'ASUS P8H61-MX', 'Seagate 500GB', 'Kingston 4GB', 'Kingston 4GB', NULL, NULL, 'ASUS PQ321Q', 32),
(4842, 'Máy 9', 'Core i5 3337U', 'ASUS P8H61-MX', 'Seagate 500GB', 'Kingston 4GB', 'Kingston 4GB', NULL, NULL, 'ASUS PQ321Q', 32),
(4843, 'Máy 10', 'Core i5 3337U', 'ASUS P8H61-MX', 'Seagate 500GB', 'Kingston 4GB', 'Kingston 4GB', NULL, NULL, 'ASUS PQ321Q', 32),
(4844, 'Máy 11', 'Core i5 3337U', 'ASUS P8H61-MX', 'Seagate 500GB', 'Kingston 4GB', 'Kingston 4GB', NULL, NULL, 'ASUS PQ321Q', 32),
(4845, 'Máy 12', 'Core i5 3337U', 'ASUS P8H61-MX', 'Seagate 500GB', 'Kingston 4GB', 'Kingston 4GB', NULL, NULL, 'ASUS PQ321Q', 32),
(4846, 'Máy 13', 'Core i5 3337U', 'ASUS P8H61-MX', 'Seagate 500GB', 'Kingston 4GB', 'Kingston 4GB', NULL, NULL, 'ASUS PQ321Q', 32),
(4847, 'Máy 14', 'Core i5 3337U', 'ASUS P8H61-MX', 'Seagate 500GB', 'Kingston 4GB', 'Kingston 4GB', NULL, NULL, 'ASUS PQ321Q', 32),
(4848, 'Máy 15', 'Core i5 3337U', 'ASUS P8H61-MX', 'Seagate 500GB', 'Kingston 4GB', 'Kingston 4GB', NULL, NULL, 'ASUS PQ321Q', 32),
(4849, 'Máy 16', 'Core i5 3337U', 'ASUS P8H61-MX', 'Seagate 500GB', 'Kingston 4GB', 'Kingston 4GB', NULL, NULL, 'ASUS PQ321Q', 32),
(4850, 'Máy 17', 'Core i5 3337U', 'ASUS P8H61-MX', 'Seagate 500GB', 'Kingston 4GB', 'Kingston 4GB', NULL, NULL, 'ASUS PQ321Q', 32),
(4851, 'Máy 18', 'Core i5 3337U', 'ASUS P8H61-MX', 'Seagate 500GB', 'Kingston 4GB', 'Kingston 4GB', NULL, NULL, 'ASUS PQ321Q', 32),
(4852, 'Máy 19', 'Core i5 3337U', 'ASUS P8H61-MX', 'Seagate 500GB', 'Kingston 4GB', 'Kingston 4GB', NULL, NULL, 'ASUS PQ321Q', 32),
(4853, 'Máy 20', 'Core i5 3337U', 'ASUS P8H61-MX', 'Seagate 500GB', 'Kingston 4GB', 'Kingston 4GB', NULL, NULL, 'ASUS PQ321Q', 32),
(4854, 'Máy 21', 'Core i5 3337U', 'ASUS P8H61-MX', 'Seagate 500GB', 'Kingston 4GB', 'Kingston 4GB', NULL, NULL, 'ASUS PQ321Q', 32),
(4855, 'Máy 22', 'Core i5 3337U', 'ASUS P8H61-MX', 'Seagate 500GB', 'Kingston 4GB', 'Kingston 4GB', NULL, NULL, 'ASUS PQ321Q', 32),
(4856, 'Máy 23', 'Core i5 3337U', 'ASUS P8H61-MX', 'Seagate 500GB', 'Kingston 4GB', 'Kingston 4GB', NULL, NULL, 'ASUS PQ321Q', 32),
(4857, 'Máy 24', 'Core i5 3337U', 'ASUS P8H61-MX', 'Seagate 500GB', 'Kingston 4GB', 'Kingston 4GB', NULL, NULL, 'ASUS PQ321Q', 32),
(4858, 'Máy 25', 'Core i5 3337U', 'ASUS P8H61-MX', 'Seagate 500GB', 'Kingston 4GB', 'Kingston 4GB', NULL, NULL, 'ASUS PQ321Q', 32),
(4859, 'Máy 26', 'Core i5 3337U', 'ASUS P8H61-MX', 'Seagate 500GB', 'Kingston 4GB', 'Kingston 4GB', NULL, NULL, 'ASUS PQ321Q', 32),
(4860, 'Máy 27', 'Core i5 3337U', 'ASUS P8H61-MX', 'Seagate 500GB', 'Kingston 4GB', 'Kingston 4GB', NULL, NULL, 'ASUS PQ321Q', 32),
(4861, 'Máy 28', 'Core i5 3337U', 'ASUS P8H61-MX', 'Seagate 500GB', 'Kingston 4GB', 'Kingston 4GB', NULL, NULL, 'ASUS PQ321Q', 32),
(4862, 'Máy 29', 'Core i5 3337U', 'ASUS P8H61-MX', 'Seagate 500GB', 'Kingston 4GB', 'Kingston 4GB', NULL, NULL, 'ASUS PQ321Q', 32),
(4863, 'Máy 30', 'Core i5 3337U', 'ASUS P8H61-MX', 'Seagate 500GB', 'Kingston 4GB', 'Kingston 4GB', NULL, NULL, 'ASUS PQ321Q', 32),
(4864, 'Máy 31', 'Core i5 3337U', 'ASUS P8H61-MX', 'Seagate 500GB', 'Kingston 4GB', 'Kingston 4GB', NULL, NULL, 'ASUS PQ321Q', 32),
(4865, 'Máy 32', 'Core i5 3337U', 'ASUS P8H61-MX', 'Seagate 500GB', 'Kingston 4GB', 'Kingston 4GB', NULL, NULL, 'ASUS PQ321Q', 32),
(4866, 'Máy 33', 'Core i5 3337U', 'ASUS P8H61-MX', 'Seagate 500GB', 'Kingston 4GB', 'Kingston 4GB', NULL, NULL, 'ASUS PQ321Q', 32),
(4867, 'Máy 34', 'Core i5 3337U', 'ASUS P8H61-MX', 'Seagate 500GB', 'Kingston 4GB', 'Kingston 4GB', NULL, NULL, 'ASUS PQ321Q', 32),
(4868, 'Máy 35', 'Core i5 3337U', 'ASUS P8H61-MX', 'Seagate 500GB', 'Kingston 4GB', 'Kingston 4GB', NULL, NULL, 'ASUS PQ321Q', 32),
(4869, 'Máy 36', 'Core i5 3337U', 'ASUS P8H61-MX', 'Seagate 500GB', 'Kingston 4GB', 'Kingston 4GB', NULL, NULL, 'ASUS PQ321Q', 32),
(4870, 'Máy 37', 'Core i5 3337U', 'ASUS P8H61-MX', 'Seagate 500GB', 'Kingston 4GB', 'Kingston 4GB', NULL, NULL, 'ASUS PQ321Q', 32),
(4871, 'Máy 38', 'Core i5 3337U', 'ASUS P8H61-MX', 'Seagate 500GB', 'Kingston 4GB', 'Kingston 4GB', NULL, NULL, 'ASUS PQ321Q', 32),
(4872, 'Máy 39', 'Core i5 3337U', 'ASUS P8H61-MX', 'Seagate 500GB', 'Kingston 4GB', 'Kingston 4GB', NULL, NULL, 'ASUS PQ321Q', 32),
(4873, 'Máy 40', 'Core i5 3337U', 'ASUS P8H61-MX', 'Seagate 500GB', 'Kingston 4GB', 'Kingston 4GB', NULL, NULL, 'ASUS PQ321Q', 32),
(4874, 'Máy 41', 'Core i5 3337U', 'ASUS P8H61-MX', 'Seagate 500GB', 'Kingston 4GB', 'Kingston 4GB', NULL, NULL, 'ASUS PQ321Q', 32),
(4875, 'Máy 42', 'Core i5 3337U', 'ASUS P8H61-MX', 'Seagate 500GB', 'Kingston 4GB', 'Kingston 4GB', NULL, NULL, 'ASUS PQ321Q', 32),
(4876, 'Máy 43', 'Core i5 3337U', 'ASUS P8H61-MX', 'Seagate 500GB', 'Kingston 4GB', 'Kingston 4GB', NULL, NULL, 'ASUS PQ321Q', 32),
(4877, 'Máy 44', 'Core i5 3337U', 'ASUS P8H61-MX', 'Seagate 500GB', 'Kingston 4GB', 'Kingston 4GB', NULL, NULL, 'ASUS PQ321Q', 32),
(4878, 'Máy 45', 'Core i5 3337U', 'ASUS P8H61-MX', 'Seagate 500GB', 'Kingston 4GB', 'Kingston 4GB', NULL, NULL, 'ASUS PQ321Q', 32),
(4879, 'Máy 46', 'Core i5 3337U', 'ASUS P8H61-MX', 'Seagate 500GB', 'Kingston 4GB', 'Kingston 4GB', NULL, NULL, 'ASUS PQ321Q', 32),
(4880, 'Máy 47', 'Core i5 3337U', 'ASUS P8H61-MX', 'Seagate 500GB', 'Kingston 4GB', 'Kingston 4GB', NULL, NULL, 'ASUS PQ321Q', 32),
(4881, 'Máy 48', 'Core i5 3337U', 'ASUS P8H61-MX', 'Seagate 500GB', 'Kingston 4GB', 'Kingston 4GB', NULL, NULL, 'ASUS PQ321Q', 32),
(4882, 'Máy 49', 'Core i5 3337U', 'ASUS P8H61-MX', 'Seagate 500GB', 'Kingston 4GB', 'Kingston 4GB', NULL, NULL, 'ASUS PQ321Q', 32),
(4883, 'Máy 50', 'Core i5 3337U', 'ASUS P8H61-MX', 'Seagate 500GB', 'Kingston 4GB', 'Kingston 4GB', NULL, NULL, 'ASUS PQ321Q', 32);

-- --------------------------------------------------------

--
-- Table structure for table `maytinh_software`
--

CREATE TABLE IF NOT EXISTS `maytinh_software` (
  `idmay` int(11) NOT NULL,
  `hdh` varchar(255) NOT NULL,
  `software` text,
  PRIMARY KEY (`idmay`)
) ENGINE=InnoDB DEFAULT CHARSET=utf8;

--
-- Dumping data for table `maytinh_software`
--

INSERT INTO `maytinh_software` (`idmay`, `hdh`, `software`) VALUES
(4234, '1', '2;3;4;5;6;7;8;9;10;12;13;14;15;16;17;18'),
(4235, '1', '2;3;4;5;6;7;8;9;10;12;13;14;15;16;17;18'),
(4236, '1', '2;3;4;5;6;7;8;9;10;12;13;14;15;16;17;18'),
(4237, '1', '2;3;4;5;6;7;8;9;10;12;13;14;15;16;17;18'),
(4238, '1', '2;3;4;5;6;7;8;9;10;12;13;14;15;16;17;18'),
(4239, '1', '2;3;4;5;6;7;8;9;10;12;13;14;15;16;17;18'),
(4240, '1', '2;3;4;5;6;7;8;9;10;12;13;14;15;16;17;18'),
(4241, '1', '2;3;4;5;6;7;8;9;10;12;13;14;15;16;17;18'),
(4242, '1', '2;3;4;5;6;7;8;9;10;12;13;14;15;16;17;18'),
(4243, '1', '2;3;4;5;6;7;8;9;10;12;13;14;15;16;17;18'),
(4244, '1', '2;3;4;5;6;7;8;9;10;12;13;14;15;16;17;18'),
(4245, '1', '2;3;4;5;6;7;8;9;10;12;13;14;15;16;17;18'),
(4246, '1', '2;3;4;5;6;7;8;9;10;12;13;14;15;16;17;18'),
(4247, '1', '2;3;4;5;6;7;8;9;10;12;13;14;15;16;17;18'),
(4248, '1', '2;3;4;5;6;7;8;9;10;12;13;14;15;16;17;18'),
(4249, '1', '2;3;4;5;6;7;8;9;10;12;13;14;15;16;17;18'),
(4250, '1', '2;3;4;5;6;7;8;9;10;12;13;14;15;16;17;18'),
(4251, '1', '2;3;4;5;6;7;8;9;10;12;13;14;15;16;17;18'),
(4252, '1', '2;3;4;5;6;7;8;9;10;12;13;14;15;16;17;18'),
(4253, '1', '2;3;4;5;6;7;8;9;10;12;13;14;15;16;17;18'),
(4254, '1', '2;3;4;5;6;7;8;9;10;12;13;14;15;16;17;18'),
(4255, '1', '2;3;4;5;6;7;8;9;10;12;13;14;15;16;17;18'),
(4256, '1', '2;3;4;5;6;7;8;9;10;12;13;14;15;16;17;18'),
(4257, '1', '2;3;4;5;6;7;8;9;10;12;13;14;15;16;17;18'),
(4258, '1', '2;3;4;5;6;7;8;9;10;12;13;14;15;16;17;18'),
(4259, '1', '2;3;4;5;6;7;8;9;10;12;13;14;15;16;17;18'),
(4260, '1', '2;3;4;5;6;7;8;9;10;12;13;14;15;16;17;18'),
(4261, '1', '2;3;4;5;6;7;8;9;10;12;13;14;15;16;17;18'),
(4262, '1', '2;3;4;5;6;7;8;9;10;12;13;14;15;16;17;18'),
(4263, '1', '2;3;4;5;6;7;8;9;10;12;13;14;15;16;17;18'),
(4264, '1', '2;3;4;5;6;7;8;9;10;12;13;14;15;16;17;18'),
(4265, '1', '2;3;4;5;6;7;8;9;10;12;13;14;15;16;17;18'),
(4266, '1', '2;3;4;5;6;7;8;9;10;12;13;14;15;16;17;18'),
(4267, '1', '2;3;4;5;6;7;8;9;10;12;13;14;15;16;17;18'),
(4268, '1', '2;3;4;5;6;7;8;9;10;12;13;14;15;16;17;18'),
(4269, '1', '2;3;4;5;6;7;8;9;10;12;13;14;15;16;17;18'),
(4270, '1', '2;3;4;5;6;7;8;9;10;12;13;14;15;16;17;18'),
(4271, '1', '2;3;4;5;6;7;8;9;10;12;13;14;15;16;17;18'),
(4272, '1', '2;3;4;5;6;7;8;9;10;12;13;14;15;16;17;18'),
(4273, '1', '2;3;4;5;6;7;8;9;10;12;13;14;15;16;17;18'),
(4274, '1', '2;3;4;5;6;7;8;9;10;12;13;14;15;16;17;18'),
(4275, '1', '2;3;4;5;6;7;8;9;10;12;13;14;15;16;17;18'),
(4276, '1', '2;3;4;5;6;7;8;9;10;12;13;14;15;16;17;18'),
(4277, '1', '2;3;4;5;6;7;8;9;10;12;13;14;15;16;17;18'),
(4278, '1', '2;3;4;5;6;7;8;9;10;12;13;14;15;16;17;18'),
(4279, '1', '2;3;4;5;6;7;8;9;10;12;13;14;15;16;17;18'),
(4280, '1', '2;3;4;5;6;7;8;9;10;12;13;14;15;16;17;18'),
(4281, '1', '2;3;4;5;6;7;8;9;10;12;13;14;15;16;17;18'),
(4282, '1', '2;3;4;5;6;7;8;9;10;12;13;14;15;16;17;18'),
(4283, '1', '2;3;4;5;6;7;8;9;10;12;13;14;15;16;17;18'),
(4284, '1', '2;3;4;5;6;7;8;9;10;12;13;14;15;16;17;18'),
(4285, '1', '2;3;4;5;6;7;8;9;10;12;13;14;15;16;17;18'),
(4286, '1', '2;3;4;5;6;7;8;9;10;12;13;14;15;16;17;18'),
(4287, '1', '2;3;4;5;6;7;8;9;10;12;13;14;15;16;17;18'),
(4288, '1', '2;3;4;5;6;7;8;9;10;12;13;14;15;16;17;18'),
(4289, '1', '2;3;4;5;6;7;8;9;10;12;13;14;15;16;17;18'),
(4290, '1', '2;3;4;5;6;7;8;9;10;12;13;14;15;16;17;18'),
(4291, '1', '2;3;4;5;6;7;8;9;10;12;13;14;15;16;17;18'),
(4292, '1', '2;3;4;5;6;7;8;9;10;12;13;14;15;16;17;18'),
(4293, '1', '2;3;4;5;6;7;8;9;10;12;13;14;15;16;17;18'),
(4294, '1', '2;3;4;5;6;7;8;9;10;12;13;14;15;16;17;18'),
(4295, '1', '2;3;4;5;6;7;8;9;10;12;13;14;15;16;17;18'),
(4296, '1', '2;3;4;5;6;7;8;9;10;12;13;14;15;16;17;18'),
(4297, '1', '2;3;4;5;6;7;8;9;10;12;13;14;15;16;17;18'),
(4298, '1', '2;3;4;5;6;7;8;9;10;12;13;14;15;16;17;18'),
(4299, '1', '2;3;4;5;6;7;8;9;10;12;13;14;15;16;17;18'),
(4300, '1', '2;3;4;5;6;7;8;9;10;12;13;14;15;16;17;18'),
(4301, '1', '2;3;4;5;6;7;8;9;10;12;13;14;15;16;17;18'),
(4302, '1', '2;3;4;5;6;7;8;9;10;12;13;14;15;16;17;18'),
(4303, '1', '2;3;4;5;6;7;8;9;10;12;13;14;15;16;17;18'),
(4304, '1', '2;3;4;5;6;7;8;9;10;12;13;14;15;16;17;18'),
(4305, '1', '2;3;4;5;6;7;8;9;10;12;13;14;15;16;17;18'),
(4306, '1', '2;3;4;5;6;7;8;9;10;12;13;14;15;16;17;18'),
(4307, '1', '2;3;4;5;6;7;8;9;10;12;13;14;15;16;17;18'),
(4308, '1', '2;3;4;5;6;7;8;9;10;12;13;14;15;16;17;18'),
(4309, '1', '2;3;4;5;6;7;8;9;10;12;13;14;15;16;17;18'),
(4310, '1', '2;3;4;5;6;7;8;9;10;12;13;14;15;16;17;18'),
(4311, '1', '2;3;4;5;6;7;8;9;10;12;13;14;15;16;17;18'),
(4312, '1', '2;3;4;5;6;7;8;9;10;12;13;14;15;16;17;18'),
(4313, '1', '2;3;4;5;6;7;8;9;10;12;13;14;15;16;17;18'),
(4314, '1', '2;3;4;5;6;7;8;9;10;12;13;14;15;16;17;18'),
(4315, '1', '2;3;4;5;6;7;8;9;10;12;13;14;15;16;17;18'),
(4316, '1', '2;3;4;5;6;7;8;9;10;12;13;14;15;16;17;18'),
(4317, '1', '2;3;4;5;6;7;8;9;10;12;13;14;15;16;17;18'),
(4318, '1', '2;3;4;5;6;7;8;9;10;12;13;14;15;16;17;18'),
(4319, '1', '2;3;4;5;6;7;8;9;10;12;13;14;15;16;17;18'),
(4320, '1', '2;3;4;5;6;7;8;9;10;12;13;14;15;16;17;18'),
(4321, '1', '2;3;4;5;6;7;8;9;10;12;13;14;15;16;17;18'),
(4322, '1', '2;3;4;5;6;7;8;9;10;12;13;14;15;16;17;18'),
(4323, '1', '2;3;4;5;6;7;8;9;10;12;13;14;15;16;17;18'),
(4324, '1', '2;3;4;5;6;7;8;9;10;12;13;14;15;16;17;18'),
(4325, '1', '2;3;4;5;6;7;8;9;10;12;13;14;15;16;17;18'),
(4326, '1', '2;3;4;5;6;7;8;9;10;12;13;14;15;16;17;18'),
(4327, '1', '2;3;4;5;6;7;8;9;10;12;13;14;15;16;17;18'),
(4328, '1', '2;3;4;5;6;7;8;9;10;12;13;14;15;16;17;18'),
(4329, '1', '2;3;4;5;6;7;8;9;10;12;13;14;15;16;17;18'),
(4330, '1', '2;3;4;5;6;7;8;9;10;12;13;14;15;16;17;18'),
(4331, '1', '2;3;4;5;6;7;8;9;10;12;13;14;15;16;17;18'),
(4332, '1', '2;3;4;5;6;7;8;9;10;12;13;14;15;16;17;18'),
(4333, '1', '2;3;4;5;6;7;8;9;10;12;13;14;15;16;17;18'),
(4334, '1', '2;3;4;5;6;7;8;9;10;12;13;14;15;16;17;18'),
(4335, '1', '2;3;4;5;6;7;8;9;10;12;13;14;15;16;17;18'),
(4336, '1', '2;3;4;5;6;7;8;9;10;12;13;14;15;16;17;18'),
(4337, '1', '2;3;4;5;6;7;8;9;10;12;13;14;15;16;17;18'),
(4338, '1', '2;3;4;5;6;7;8;9;10;12;13;14;15;16;17;18'),
(4339, '1', '2;3;4;5;6;7;8;9;10;12;13;14;15;16;17;18'),
(4340, '1', '2;3;4;5;6;7;8;9;10;12;13;14;15;16;17;18'),
(4341, '1', '2;3;4;5;6;7;8;9;10;12;13;14;15;16;17;18'),
(4342, '1', '2;3;4;5;6;7;8;9;10;12;13;14;15;16;17;18'),
(4343, '1', '2;3;4;5;6;7;8;9;10;12;13;14;15;16;17;18'),
(4344, '1', '2;3;4;5;6;7;8;9;10;12;13;14;15;16;17;18'),
(4345, '1', '2;3;4;5;6;7;8;9;10;12;13;14;15;16;17;18'),
(4346, '1', '2;3;4;5;6;7;8;9;10;12;13;14;15;16;17;18'),
(4347, '1', '2;3;4;5;6;7;8;9;10;12;13;14;15;16;17;18'),
(4348, '1', '2;3;4;5;6;7;8;9;10;12;13;14;15;16;17;18'),
(4349, '1', '2;3;4;5;6;7;8;9;10;12;13;14;15;16;17;18'),
(4350, '1', '2;3;4;5;6;7;8;9;10;12;13;14;15;16;17;18'),
(4351, '1', '2;3;4;5;6;7;8;9;10;12;13;14;15;16;17;18'),
(4352, '1', '2;3;4;5;6;7;8;9;10;12;13;14;15;16;17;18'),
(4353, '1', '2;3;4;5;6;7;8;9;10;12;13;14;15;16;17;18'),
(4354, '1', '2;3;4;5;6;7;8;9;10;12;13;14;15;16;17;18'),
(4355, '1', '2;3;4;5;6;7;8;9;10;12;13;14;15;16;17;18'),
(4356, '1', '2;3;4;5;6;7;8;9;10;12;13;14;15;16;17;18'),
(4357, '1', '2;3;4;5;6;7;8;9;10;12;13;14;15;16;17;18'),
(4358, '1', '2;3;4;5;6;7;8;9;10;12;13;14;15;16;17;18'),
(4359, '1', '2;3;4;5;6;7;8;9;10;12;13;14;15;16;17;18'),
(4360, '1', '2;3;4;5;6;7;8;9;10;12;13;14;15;16;17;18'),
(4361, '1', '2;3;4;5;6;7;8;9;10;12;13;14;15;16;17;18'),
(4362, '1', '2;3;4;5;6;7;8;9;10;12;13;14;15;16;17;18'),
(4363, '1', '2;3;4;5;6;7;8;9;10;12;13;14;15;16;17;18'),
(4364, '1', '2;3;4;5;6;7;8;9;10;12;13;14;15;16;17;18'),
(4365, '1', '2;3;4;5;6;7;8;9;10;12;13;14;15;16;17;18'),
(4366, '1', '2;3;4;5;6;7;8;9;10;12;13;14;15;16;17;18'),
(4367, '1', '2;3;4;5;6;7;8;9;10;12;13;14;15;16;17;18'),
(4368, '1', '2;3;4;5;6;7;8;9;10;12;13;14;15;16;17;18'),
(4369, '1', '2;3;4;5;6;7;8;9;10;12;13;14;15;16;17;18'),
(4370, '1', '2;3;4;5;6;7;8;9;10;12;13;14;15;16;17;18'),
(4371, '1', '2;3;4;5;6;7;8;9;10;12;13;14;15;16;17;18'),
(4372, '1', '2;3;4;5;6;7;8;9;10;12;13;14;15;16;17;18'),
(4373, '1', '2;3;4;5;6;7;8;9;10;12;13;14;15;16;17;18'),
(4374, '1', '2;3;4;5;6;7;8;9;10;12;13;14;15;16;17;18'),
(4375, '1', '2;3;4;5;6;7;8;9;10;12;13;14;15;16;17;18'),
(4376, '1', '2;3;4;5;6;7;8;9;10;12;13;14;15;16;17;18'),
(4377, '1', '2;3;4;5;6;7;8;9;10;12;13;14;15;16;17;18'),
(4378, '1', '2;3;4;5;6;7;8;9;10;12;13;14;15;16;17;18'),
(4379, '1', '2;3;4;5;6;7;8;9;10;12;13;14;15;16;17;18'),
(4380, '1', '2;3;4;5;6;7;8;9;10;12;13;14;15;16;17;18'),
(4381, '1', '2;3;4;5;6;7;8;9;10;12;13;14;15;16;17;18'),
(4382, '1', '2;3;4;5;6;7;8;9;10;12;13;14;15;16;17;18'),
(4383, '1', '2;3;4;5;6;7;8;9;10;12;13;14;15;16;17;18'),
(4384, '1', '2;3;4;5;6;7;8;9;10;12;13;14;15;16;17;18'),
(4385, '1', '2;3;4;5;6;7;8;9;10;12;13;14;15;16;17;18'),
(4386, '1', '2;3;4;5;6;7;8;9;10;12;13;14;15;16;17;18'),
(4387, '1', '2;3;4;5;6;7;8;9;10;12;13;14;15;16;17;18'),
(4388, '1', '2;3;4;5;6;7;8;9;10;12;13;14;15;16;17;18'),
(4389, '1', '2;3;4;5;6;7;8;9;10;12;13;14;15;16;17;18'),
(4390, '1', '2;3;4;5;6;7;8;9;10;12;13;14;15;16;17;18'),
(4391, '1', '2;3;4;5;6;7;8;9;10;12;13;14;15;16;17;18'),
(4392, '1', '2;3;4;5;6;7;8;9;10;12;13;14;15;16;17;18'),
(4393, '1', '2;3;4;5;6;7;8;9;10;12;13;14;15;16;17;18'),
(4394, '1', '2;3;4;5;6;7;8;9;10;12;13;14;15;16;17;18'),
(4395, '1', '2;3;4;5;6;7;8;9;10;12;13;14;15;16;17;18'),
(4396, '1', '2;3;4;5;6;7;8;9;10;12;13;14;15;16;17;18'),
(4397, '1', '2;3;4;5;6;7;8;9;10;12;13;14;15;16;17;18'),
(4398, '1', '2;3;4;5;6;7;8;9;10;12;13;14;15;16;17;18'),
(4399, '1', '2;3;4;5;6;7;8;9;10;12;13;14;15;16;17;18'),
(4400, '1', '2;3;4;5;6;7;8;9;10;12;13;14;15;16;17;18'),
(4401, '1', '2;3;4;5;6;7;8;9;10;12;13;14;15;16;17;18'),
(4402, '1', '2;3;4;5;6;7;8;9;10;12;13;14;15;16;17;18'),
(4403, '1', '2;3;4;5;6;7;8;9;10;12;13;14;15;16;17;18'),
(4404, '1', '2;3;4;5;6;7;8;9;10;12;13;14;15;16;17;18'),
(4405, '1', '2;3;4;5;6;7;8;9;10;12;13;14;15;16;17;18'),
(4406, '1', '2;3;4;5;6;7;8;9;10;12;13;14;15;16;17;18'),
(4407, '1', '2;3;4;5;6;7;8;9;10;12;13;14;15;16;17;18'),
(4408, '1', '2;3;4;5;6;7;8;9;10;12;13;14;15;16;17;18'),
(4409, '1', '2;3;4;5;6;7;8;9;10;12;13;14;15;16;17;18'),
(4410, '1', '2;3;4;5;6;7;8;9;10;12;13;14;15;16;17;18'),
(4411, '1', '2;3;4;5;6;7;8;9;10;12;13;14;15;16;17;18'),
(4412, '1', '2;3;4;5;6;7;8;9;10;12;13;14;15;16;17;18'),
(4413, '1', '2;3;4;5;6;7;8;9;10;12;13;14;15;16;17;18'),
(4414, '1', '2;3;4;5;6;7;8;9;10;12;13;14;15;16;17;18'),
(4415, '1', '2;3;4;5;6;7;8;9;10;12;13;14;15;16;17;18'),
(4416, '1', '2;3;4;5;6;7;8;9;10;12;13;14;15;16;17;18'),
(4417, '1', '2;3;4;5;6;7;8;9;10;12;13;14;15;16;17;18'),
(4418, '1', '2;3;4;5;6;7;8;9;10;12;13;14;15;16;17;18'),
(4419, '1', '2;3;4;5;6;7;8;9;10;12;13;14;15;16;17;18'),
(4420, '1', '2;3;4;5;6;7;8;9;10;12;13;14;15;16;17;18'),
(4421, '1', '2;3;4;5;6;7;8;9;10;12;13;14;15;16;17;18'),
(4422, '1', '2;3;4;5;6;7;8;9;10;12;13;14;15;16;17;18'),
(4423, '1', '2;3;4;5;6;7;8;9;10;12;13;14;15;16;17;18'),
(4424, '1', '2;3;4;5;6;7;8;9;10;12;13;14;15;16;17;18'),
(4425, '1', '2;3;4;5;6;7;8;9;10;12;13;14;15;16;17;18'),
(4426, '1', '2;3;4;5;6;7;8;9;10;12;13;14;15;16;17;18'),
(4427, '1', '2;3;4;5;6;7;8;9;10;12;13;14;15;16;17;18'),
(4428, '1', '2;3;4;5;6;7;8;9;10;12;13;14;15;16;17;18'),
(4429, '1', '2;3;4;5;6;7;8;9;10;12;13;14;15;16;17;18'),
(4430, '1', '2;3;4;5;6;7;8;9;10;12;13;14;15;16;17;18'),
(4431, '1', '2;3;4;5;6;7;8;9;10;12;13;14;15;16;17;18'),
(4432, '1', '2;3;4;5;6;7;8;9;10;12;13;14;15;16;17;18'),
(4433, '1', '2;3;4;5;6;7;8;9;10;12;13;14;15;16;17;18'),
(4434, '1', '2;3;4;5;6;7;8;9;10;12;13;14;15;16;17;18'),
(4435, '1', '2;3;4;5;6;7;8;9;10;12;13;14;15;16;17;18'),
(4436, '1', '2;3;4;5;6;7;8;9;10;12;13;14;15;16;17;18'),
(4437, '1', '2;3;4;5;6;7;8;9;10;12;13;14;15;16;17;18'),
(4438, '1', '2;3;4;5;6;7;8;9;10;12;13;14;15;16;17;18'),
(4439, '1', '2;3;4;5;6;7;8;9;10;12;13;14;15;16;17;18'),
(4440, '1', '2;3;4;5;6;7;8;9;10;12;13;14;15;16;17;18'),
(4441, '1', '2;3;4;5;6;7;8;9;10;12;13;14;15;16;17;18'),
(4442, '1', '2;3;4;5;6;7;8;9;10;12;13;14;15;16;17;18'),
(4443, '1', '2;3;4;5;6;7;8;9;10;12;13;14;15;16;17;18'),
(4444, '1', '2;3;4;5;6;7;8;9;10;12;13;14;15;16;17;18'),
(4445, '1', '2;3;4;5;6;7;8;9;10;12;13;14;15;16;17;18'),
(4446, '1', '2;3;4;5;6;7;8;9;10;12;13;14;15;16;17;18'),
(4447, '1', '2;3;4;5;6;7;8;9;10;12;13;14;15;16;17;18'),
(4448, '1', '2;3;4;5;6;7;8;9;10;12;13;14;15;16;17;18'),
(4449, '1', '2;3;4;5;6;7;8;9;10;12;13;14;15;16;17;18'),
(4450, '1', '2;3;4;5;6;7;8;9;10;12;13;14;15;16;17;18'),
(4451, '1', '2;3;4;5;6;7;8;9;10;12;13;14;15;16;17;18'),
(4452, '1', '2;3;4;5;6;7;8;9;10;12;13;14;15;16;17;18'),
(4453, '1', '2;3;4;5;6;7;8;9;10;12;13;14;15;16;17;18'),
(4454, '1', '2;3;4;5;6;7;8;9;10;12;13;14;15;16;17;18'),
(4455, '1', '2;3;4;5;6;7;8;9;10;12;13;14;15;16;17;18'),
(4456, '1', '2;3;4;5;6;7;8;9;10;12;13;14;15;16;17;18'),
(4457, '1', '2;3;4;5;6;7;8;9;10;12;13;14;15;16;17;18'),
(4458, '1', '2;3;4;5;6;7;8;9;10;12;13;14;15;16;17;18'),
(4459, '1', '2;3;4;5;6;7;8;9;10;12;13;14;15;16;17;18'),
(4460, '1', '2;3;4;5;6;7;8;9;10;12;13;14;15;16;17;18'),
(4461, '1', '2;3;4;5;6;7;8;9;10;12;13;14;15;16;17;18'),
(4462, '1', '2;3;4;5;6;7;8;9;10;12;13;14;15;16;17;18'),
(4463, '1', '2;3;4;5;6;7;8;9;10;12;13;14;15;16;17;18'),
(4464, '1', '2;3;4;5;6;7;8;9;10;12;13;14;15;16;17;18'),
(4465, '1', '2;3;4;5;6;7;8;9;10;12;13;14;15;16;17;18'),
(4466, '1', '2;3;4;5;6;7;8;9;10;12;13;14;15;16;17;18'),
(4467, '1', '2;3;4;5;6;7;8;9;10;12;13;14;15;16;17;18'),
(4468, '1', '2;3;4;5;6;7;8;9;10;12;13;14;15;16;17;18'),
(4469, '1', '2;3;4;5;6;7;8;9;10;12;13;14;15;16;17;18'),
(4470, '1', '2;3;4;5;6;7;8;9;10;12;13;14;15;16;17;18'),
(4471, '1', '2;3;4;5;6;7;8;9;10;12;13;14;15;16;17;18'),
(4472, '1', '2;3;4;5;6;7;8;9;10;12;13;14;15;16;17;18'),
(4473, '1', '2;3;4;5;6;7;8;9;10;12;13;14;15;16;17;18'),
(4474, '1', '2;3;4;5;6;7;8;9;10;12;13;14;15;16;17;18'),
(4475, '1', '2;3;4;5;6;7;8;9;10;12;13;14;15;16;17;18'),
(4476, '1', '2;3;4;5;6;7;8;9;10;12;13;14;15;16;17;18'),
(4477, '1', '2;3;4;5;6;7;8;9;10;12;13;14;15;16;17;18'),
(4478, '1', '2;3;4;5;6;7;8;9;10;12;13;14;15;16;17;18'),
(4479, '1', '2;3;4;5;6;7;8;9;10;12;13;14;15;16;17;18'),
(4480, '1', '2;3;4;5;6;7;8;9;10;12;13;14;15;16;17;18'),
(4481, '1', '2;3;4;5;6;7;8;9;10;12;13;14;15;16;17;18'),
(4482, '1', '2;3;4;5;6;7;8;9;10;12;13;14;15;16;17;18'),
(4483, '1', '2;3;4;5;6;7;8;9;10;12;13;14;15;16;17;18'),
(4484, '1', '2;3;4;5;6;7;8;9;10;12;13;14;15;16;17;18'),
(4485, '1', '2;3;4;5;6;7;8;9;10;12;13;14;15;16;17;18'),
(4486, '1', '2;3;4;5;6;7;8;9;10;12;13;14;15;16;17;18'),
(4487, '1', '2;3;4;5;6;7;8;9;10;12;13;14;15;16;17;18'),
(4488, '1', '2;3;4;5;6;7;8;9;10;12;13;14;15;16;17;18'),
(4489, '1', '2;3;4;5;6;7;8;9;10;12;13;14;15;16;17;18'),
(4490, '1', '2;3;4;5;6;7;8;9;10;12;13;14;15;16;17;18'),
(4491, '1', '2;3;4;5;6;7;8;9;10;12;13;14;15;16;17;18'),
(4492, '1', '2;3;4;5;6;7;8;9;10;12;13;14;15;16;17;18'),
(4493, '1', '2;3;4;5;6;7;8;9;10;12;13;14;15;16;17;18'),
(4494, '1', '2;3;4;5;6;7;8;9;10;12;13;14;15;16;17;18'),
(4495, '1', '2;3;4;5;6;7;8;9;10;12;13;14;15;16;17;18'),
(4496, '1', '2;3;4;5;6;7;8;9;10;12;13;14;15;16;17;18'),
(4497, '1', '2;3;4;5;6;7;8;9;10;12;13;14;15;16;17;18'),
(4498, '1', '2;3;4;5;6;7;8;9;10;12;13;14;15;16;17;18'),
(4499, '1', '2;3;4;5;6;7;8;9;10;12;13;14;15;16;17;18'),
(4500, '1', '2;3;4;5;6;7;8;9;10;12;13;14;15;16;17;18'),
(4501, '1', '2;3;4;5;6;7;8;9;10;12;13;14;15;16;17;18'),
(4502, '1', '2;3;4;5;6;7;8;9;10;12;13;14;15;16;17;18'),
(4503, '1', '2;3;4;5;6;7;8;9;10;12;13;14;15;16;17;18'),
(4504, '1', '2;3;4;5;6;7;8;9;10;12;13;14;15;16;17;18'),
(4505, '1', '2;3;4;5;6;7;8;9;10;12;13;14;15;16;17;18'),
(4506, '1', '2;3;4;5;6;7;8;9;10;12;13;14;15;16;17;18'),
(4507, '1', '2;3;4;5;6;7;8;9;10;12;13;14;15;16;17;18'),
(4508, '1', '2;3;4;5;6;7;8;9;10;12;13;14;15;16;17;18'),
(4509, '1', '2;3;4;5;6;7;8;9;10;12;13;14;15;16;17;18'),
(4510, '1', '2;3;4;5;6;7;8;9;10;12;13;14;15;16;17;18'),
(4511, '1', '2;3;4;5;6;7;8;9;10;12;13;14;15;16;17;18'),
(4512, '1', '2;3;4;5;6;7;8;9;10;12;13;14;15;16;17;18'),
(4513, '1', '2;3;4;5;6;7;8;9;10;12;13;14;15;16;17;18'),
(4514, '1', '2;3;4;5;6;7;8;9;10;12;13;14;15;16;17;18'),
(4515, '1', '2;3;4;5;6;7;8;9;10;12;13;14;15;16;17;18'),
(4516, '1', '2;3;4;5;6;7;8;9;10;12;13;14;15;16;17;18'),
(4517, '1', '2;3;4;5;6;7;8;9;10;12;13;14;15;16;17;18'),
(4518, '1', '2;3;4;5;6;7;8;9;10;12;13;14;15;16;17;18'),
(4519, '1', '2;3;4;5;6;7;8;9;10;12;13;14;15;16;17;18'),
(4520, '1', '2;3;4;5;6;7;8;9;10;12;13;14;15;16;17;18'),
(4521, '1', '2;3;4;5;6;7;8;9;10;12;13;14;15;16;17;18'),
(4522, '1', '2;3;4;5;6;7;8;9;10;12;13;14;15;16;17;18'),
(4523, '1', '2;3;4;5;6;7;8;9;10;12;13;14;15;16;17;18'),
(4524, '1', '2;3;4;5;6;7;8;9;10;12;13;14;15;16;17;18'),
(4525, '1', '2;3;4;5;6;7;8;9;10;12;13;14;15;16;17;18'),
(4526, '1', '2;3;4;5;6;7;8;9;10;12;13;14;15;16;17;18'),
(4527, '1', '2;3;4;5;6;7;8;9;10;12;13;14;15;16;17;18'),
(4528, '1', '2;3;4;5;6;7;8;9;10;12;13;14;15;16;17;18'),
(4529, '1', '2;3;4;5;6;7;8;9;10;12;13;14;15;16;17;18'),
(4530, '1', '2;3;4;5;6;7;8;9;10;12;13;14;15;16;17;18'),
(4531, '1', '2;3;4;5;6;7;8;9;10;12;13;14;15;16;17;18'),
(4532, '1', '2;3;4;5;6;7;8;9;10;12;13;14;15;16;17;18'),
(4533, '1', '2;3;4;5;6;7;8;9;10;12;13;14;15;16;17;18'),
(4534, '1', '2;3;4;5;6;7;8;9;10;12;13;14;15;16;17;18'),
(4535, '1', '2;3;4;5;6;7;8;9;10;12;13;14;15;16;17;18'),
(4536, '1', '2;3;4;5;6;7;8;9;10;12;13;14;15;16;17;18'),
(4537, '1', '2;3;4;5;6;7;8;9;10;12;13;14;15;16;17;18'),
(4538, '1', '2;3;4;5;6;7;8;9;10;12;13;14;15;16;17;18'),
(4539, '1', '2;3;4;5;6;7;8;9;10;12;13;14;15;16;17;18'),
(4540, '1', '2;3;4;5;6;7;8;9;10;12;13;14;15;16;17;18'),
(4541, '1', '2;3;4;5;6;7;8;9;10;12;13;14;15;16;17;18'),
(4542, '1', '2;3;4;5;6;7;8;9;10;12;13;14;15;16;17;18'),
(4543, '1', '2;3;4;5;6;7;8;9;10;12;13;14;15;16;17;18'),
(4544, '1', '2;3;4;5;6;7;8;9;10;12;13;14;15;16;17;18'),
(4545, '1', '2;3;4;5;6;7;8;9;10;12;13;14;15;16;17;18'),
(4546, '1', '2;3;4;5;6;7;8;9;10;12;13;14;15;16;17;18'),
(4547, '1', '2;3;4;5;6;7;8;9;10;12;13;14;15;16;17;18'),
(4548, '1', '2;3;4;5;6;7;8;9;10;12;13;14;15;16;17;18'),
(4549, '1', '2;3;4;5;6;7;8;9;10;12;13;14;15;16;17;18'),
(4550, '1', '2;3;4;5;6;7;8;9;10;12;13;14;15;16;17;18'),
(4551, '1', '2;3;4;5;6;7;8;9;10;12;13;14;15;16;17;18'),
(4552, '1', '2;3;4;5;6;7;8;9;10;12;13;14;15;16;17;18'),
(4553, '1', '2;3;4;5;6;7;8;9;10;12;13;14;15;16;17;18'),
(4554, '1', '2;3;4;5;6;7;8;9;10;12;13;14;15;16;17;18'),
(4555, '1', '2;3;4;5;6;7;8;9;10;12;13;14;15;16;17;18'),
(4556, '1', '2;3;4;5;6;7;8;9;10;12;13;14;15;16;17;18'),
(4557, '1', '2;3;4;5;6;7;8;9;10;12;13;14;15;16;17;18'),
(4558, '1', '2;3;4;5;6;7;8;9;10;12;13;14;15;16;17;18'),
(4559, '1', '2;3;4;5;6;7;8;9;10;12;13;14;15;16;17;18'),
(4560, '1', '2;3;4;5;6;7;8;9;10;12;13;14;15;16;17;18'),
(4561, '1', '2;3;4;5;6;7;8;9;10;12;13;14;15;16;17;18'),
(4562, '1', '2;3;4;5;6;7;8;9;10;12;13;14;15;16;17;18'),
(4563, '1', '2;3;4;5;6;7;8;9;10;12;13;14;15;16;17;18'),
(4564, '1', '2;3;4;5;6;7;8;9;10;12;13;14;15;16;17;18'),
(4565, '1', '2;3;4;5;6;7;8;9;10;12;13;14;15;16;17;18'),
(4566, '1', '2;3;4;5;6;7;8;9;10;12;13;14;15;16;17;18'),
(4567, '1', '2;3;4;5;6;7;8;9;10;12;13;14;15;16;17;18'),
(4568, '1', '2;3;4;5;6;7;8;9;10;12;13;14;15;16;17;18'),
(4569, '1', '2;3;4;5;6;7;8;9;10;12;13;14;15;16;17;18'),
(4570, '1', '2;3;4;5;6;7;8;9;10;12;13;14;15;16;17;18'),
(4571, '1', '2;3;4;5;6;7;8;9;10;12;13;14;15;16;17;18'),
(4572, '1', '2;3;4;5;6;7;8;9;10;12;13;14;15;16;17;18'),
(4573, '1', '2;3;4;5;6;7;8;9;10;12;13;14;15;16;17;18'),
(4574, '1', '2;3;4;5;6;7;8;9;10;12;13;14;15;16;17;18'),
(4575, '1', '2;3;4;5;6;7;8;9;10;12;13;14;15;16;17;18'),
(4576, '1', '2;3;4;5;6;7;8;9;10;12;13;14;15;16;17;18'),
(4577, '1', '2;3;4;5;6;7;8;9;10;12;13;14;15;16;17;18'),
(4578, '1', '2;3;4;5;6;7;8;9;10;12;13;14;15;16;17;18'),
(4579, '1', '2;3;4;5;6;7;8;9;10;12;13;14;15;16;17;18'),
(4580, '1', '2;3;4;5;6;7;8;9;10;12;13;14;15;16;17;18'),
(4581, '1', '2;3;4;5;6;7;8;9;10;12;13;14;15;16;17;18'),
(4582, '1', '2;3;4;5;6;7;8;9;10;12;13;14;15;16;17;18'),
(4583, '1', '2;3;4;5;6;7;8;9;10;12;13;14;15;16;17;18'),
(4584, '1', '2;3;4;5;6;7;8;9;10;12;13;14;15;16;17;18'),
(4585, '1', '2;3;4;5;6;7;8;9;10;12;13;14;15;16;17;18'),
(4586, '1', '2;3;4;5;6;7;8;9;10;12;13;14;15;16;17;18'),
(4587, '1', '2;3;4;5;6;7;8;9;10;12;13;14;15;16;17;18'),
(4588, '1', '2;3;4;5;6;7;8;9;10;12;13;14;15;16;17;18'),
(4589, '1', '2;3;4;5;6;7;8;9;10;12;13;14;15;16;17;18'),
(4590, '1', '2;3;4;5;6;7;8;9;10;12;13;14;15;16;17;18'),
(4591, '1', '2;3;4;5;6;7;8;9;10;12;13;14;15;16;17;18'),
(4592, '1', '2;3;4;5;6;7;8;9;10;12;13;14;15;16;17;18'),
(4593, '1', '2;3;4;5;6;7;8;9;10;12;13;14;15;16;17;18'),
(4594, '1', '2;3;4;5;6;7;8;9;10;12;13;14;15;16;17;18'),
(4595, '1', '2;3;4;5;6;7;8;9;10;12;13;14;15;16;17;18'),
(4596, '1', '2;3;4;5;6;7;8;9;10;12;13;14;15;16;17;18'),
(4597, '1', '2;3;4;5;6;7;8;9;10;12;13;14;15;16;17;18'),
(4598, '1', '2;3;4;5;6;7;8;9;10;12;13;14;15;16;17;18'),
(4599, '1', '2;3;4;5;6;7;8;9;10;12;13;14;15;16;17;18'),
(4600, '1', '2;3;4;5;6;7;8;9;10;12;13;14;15;16;17;18'),
(4601, '1', '2;3;4;5;6;7;8;9;10;12;13;14;15;16;17;18'),
(4602, '1', '2;3;4;5;6;7;8;9;10;12;13;14;15;16;17;18'),
(4603, '1', '2;3;4;5;6;7;8;9;10;12;13;14;15;16;17;18'),
(4604, '1', '2;3;4;5;6;7;8;9;10;12;13;14;15;16;17;18'),
(4605, '1', '2;3;4;5;6;7;8;9;10;12;13;14;15;16;17;18'),
(4606, '1', '2;3;4;5;6;7;8;9;10;12;13;14;15;16;17;18'),
(4607, '1', '2;3;4;5;6;7;8;9;10;12;13;14;15;16;17;18'),
(4608, '1', '2;3;4;5;6;7;8;9;10;12;13;14;15;16;17;18'),
(4609, '1', '2;3;4;5;6;7;8;9;10;12;13;14;15;16;17;18'),
(4610, '1', '2;3;4;5;6;7;8;9;10;12;13;14;15;16;17;18'),
(4611, '1', '2;3;4;5;6;7;8;9;10;12;13;14;15;16;17;18'),
(4612, '1', '2;3;4;5;6;7;8;9;10;12;13;14;15;16;17;18'),
(4613, '1', '2;3;4;5;6;7;8;9;10;12;13;14;15;16;17;18'),
(4614, '1', '2;3;4;5;6;7;8;9;10;12;13;14;15;16;17;18'),
(4615, '1', '2;3;4;5;6;7;8;9;10;12;13;14;15;16;17;18'),
(4616, '1', '2;3;4;5;6;7;8;9;10;12;13;14;15;16;17;18'),
(4617, '1', '2;3;4;5;6;7;8;9;10;12;13;14;15;16;17;18'),
(4618, '1', '2;3;4;5;6;7;8;9;10;12;13;14;15;16;17;18'),
(4619, '1', '2;3;4;5;6;7;8;9;10;12;13;14;15;16;17;18'),
(4620, '1', '2;3;4;5;6;7;8;9;10;12;13;14;15;16;17;18'),
(4621, '1', '2;3;4;5;6;7;8;9;10;12;13;14;15;16;17;18'),
(4622, '1', '2;3;4;5;6;7;8;9;10;12;13;14;15;16;17;18'),
(4623, '1', '2;3;4;5;6;7;8;9;10;12;13;14;15;16;17;18'),
(4624, '1', '2;3;4;5;6;7;8;9;10;12;13;14;15;16;17;18'),
(4625, '1', '2;3;4;5;6;7;8;9;10;12;13;14;15;16;17;18'),
(4626, '1', '2;3;4;5;6;7;8;9;10;12;13;14;15;16;17;18'),
(4627, '1', '2;3;4;5;6;7;8;9;10;12;13;14;15;16;17;18'),
(4628, '1', '2;3;4;5;6;7;8;9;10;12;13;14;15;16;17;18'),
(4629, '1', '2;3;4;5;6;7;8;9;10;12;13;14;15;16;17;18'),
(4630, '1', '2;3;4;5;6;7;8;9;10;12;13;14;15;16;17;18'),
(4631, '1', '2;3;4;5;6;7;8;9;10;12;13;14;15;16;17;18'),
(4632, '1', '2;3;4;5;6;7;8;9;10;12;13;14;15;16;17;18'),
(4633, '1', '2;3;4;5;6;7;8;9;10;12;13;14;15;16;17;18'),
(4634, '1', '2;3;4;5;6;7;8;9;10;12;13;14;15;16;17;18'),
(4635, '1', '2;3;4;5;6;7;8;9;10;12;13;14;15;16;17;18'),
(4636, '1', '2;3;4;5;6;7;8;9;10;12;13;14;15;16;17;18'),
(4637, '1', '2;3;4;5;6;7;8;9;10;12;13;14;15;16;17;18'),
(4638, '1', '2;3;4;5;6;7;8;9;10;12;13;14;15;16;17;18'),
(4639, '1', '2;3;4;5;6;7;8;9;10;12;13;14;15;16;17;18'),
(4640, '1', '2;3;4;5;6;7;8;9;10;12;13;14;15;16;17;18'),
(4641, '1', '2;3;4;5;6;7;8;9;10;12;13;14;15;16;17;18'),
(4642, '1', '2;3;4;5;6;7;8;9;10;12;13;14;15;16;17;18'),
(4643, '1', '2;3;4;5;6;7;8;9;10;12;13;14;15;16;17;18'),
(4644, '1', '2;3;4;5;6;7;8;9;10;12;13;14;15;16;17;18'),
(4645, '1', '2;3;4;5;6;7;8;9;10;12;13;14;15;16;17;18'),
(4646, '1', '2;3;4;5;6;7;8;9;10;12;13;14;15;16;17;18'),
(4647, '1', '2;3;4;5;6;7;8;9;10;12;13;14;15;16;17;18'),
(4648, '1', '2;3;4;5;6;7;8;9;10;12;13;14;15;16;17;18'),
(4649, '1', '2;3;4;5;6;7;8;9;10;12;13;14;15;16;17;18'),
(4650, '1', '2;3;4;5;6;7;8;9;10;12;13;14;15;16;17;18'),
(4651, '1', '2;3;4;5;6;7;8;9;10;12;13;14;15;16;17;18'),
(4652, '1', '2;3;4;5;6;7;8;9;10;12;13;14;15;16;17;18'),
(4653, '1', '2;3;4;5;6;7;8;9;10;12;13;14;15;16;17;18'),
(4654, '1', '2;3;4;5;6;7;8;9;10;12;13;14;15;16;17;18'),
(4655, '1', '2;3;4;5;6;7;8;9;10;12;13;14;15;16;17;18'),
(4656, '1', '2;3;4;5;6;7;8;9;10;12;13;14;15;16;17;18'),
(4657, '1', '2;3;4;5;6;7;8;9;10;12;13;14;15;16;17;18'),
(4658, '1', '2;3;4;5;6;7;8;9;10;12;13;14;15;16;17;18'),
(4659, '1', '2;3;4;5;6;7;8;9;10;12;13;14;15;16;17;18'),
(4660, '1', '2;3;4;5;6;7;8;9;10;12;13;14;15;16;17;18'),
(4661, '1', '2;3;4;5;6;7;8;9;10;12;13;14;15;16;17;18'),
(4662, '1', '2;3;4;5;6;7;8;9;10;12;13;14;15;16;17;18'),
(4663, '1', '2;3;4;5;6;7;8;9;10;12;13;14;15;16;17;18'),
(4664, '1', '2;3;4;5;6;7;8;9;10;12;13;14;15;16;17;18'),
(4665, '1', '2;3;4;5;6;7;8;9;10;12;13;14;15;16;17;18'),
(4666, '1', '2;3;4;5;6;7;8;9;10;12;13;14;15;16;17;18'),
(4667, '1', '2;3;4;5;6;7;8;9;10;12;13;14;15;16;17;18'),
(4668, '1', '2;3;4;5;6;7;8;9;10;12;13;14;15;16;17;18'),
(4669, '1', '2;3;4;5;6;7;8;9;10;12;13;14;15;16;17;18'),
(4670, '1', '2;3;4;5;6;7;8;9;10;12;13;14;15;16;17;18'),
(4671, '1', '2;3;4;5;6;7;8;9;10;12;13;14;15;16;17;18'),
(4672, '1', '2;3;4;5;6;7;8;9;10;12;13;14;15;16;17;18'),
(4673, '1', '2;3;4;5;6;7;8;9;10;12;13;14;15;16;17;18'),
(4674, '1', '2;3;4;5;6;7;8;9;10;12;13;14;15;16;17;18'),
(4675, '1', '2;3;4;5;6;7;8;9;10;12;13;14;15;16;17;18'),
(4676, '1', '2;3;4;5;6;7;8;9;10;12;13;14;15;16;17;18'),
(4677, '1', '2;3;4;5;6;7;8;9;10;12;13;14;15;16;17;18'),
(4678, '1', '2;3;4;5;6;7;8;9;10;12;13;14;15;16;17;18'),
(4679, '1', '2;3;4;5;6;7;8;9;10;12;13;14;15;16;17;18'),
(4680, '1', '2;3;4;5;6;7;8;9;10;12;13;14;15;16;17;18'),
(4681, '1', '2;3;4;5;6;7;8;9;10;12;13;14;15;16;17;18'),
(4682, '1', '2;3;4;5;6;7;8;9;10;12;13;14;15;16;17;18'),
(4683, '1', '2;3;4;5;6;7;8;9;10;12;13;14;15;16;17;18'),
(4684, '1', '2;3;4;5;6;7;8;9;10;12;13;14;15;16;17;18'),
(4685, '1', '2;3;4;5;6;7;8;9;10;12;13;14;15;16;17;18'),
(4686, '1', '2;3;4;5;6;7;8;9;10;12;13;14;15;16;17;18'),
(4687, '1', '2;3;4;5;6;7;8;9;10;12;13;14;15;16;17;18'),
(4688, '1', '2;3;4;5;6;7;8;9;10;12;13;14;15;16;17;18'),
(4689, '1', '2;3;4;5;6;7;8;9;10;12;13;14;15;16;17;18'),
(4690, '1', '2;3;4;5;6;7;8;9;10;12;13;14;15;16;17;18'),
(4691, '1', '2;3;4;5;6;7;8;9;10;12;13;14;15;16;17;18'),
(4692, '1', '2;3;4;5;6;7;8;9;10;12;13;14;15;16;17;18'),
(4693, '1', '2;3;4;5;6;7;8;9;10;12;13;14;15;16;17;18'),
(4694, '1', '2;3;4;5;6;7;8;9;10;12;13;14;15;16;17;18'),
(4695, '1', '2;3;4;5;6;7;8;9;10;12;13;14;15;16;17;18'),
(4696, '1', '2;3;4;5;6;7;8;9;10;12;13;14;15;16;17;18'),
(4697, '1', '2;3;4;5;6;7;8;9;10;12;13;14;15;16;17;18'),
(4698, '1', '2;3;4;5;6;7;8;9;10;12;13;14;15;16;17;18'),
(4699, '1', '2;3;4;5;6;7;8;9;10;12;13;14;15;16;17;18'),
(4700, '1', '2;3;4;5;6;7;8;9;10;12;13;14;15;16;17;18'),
(4701, '1', '2;3;4;5;6;7;8;9;10;12;13;14;15;16;17;18'),
(4702, '1', '2;3;4;5;6;7;8;9;10;12;13;14;15;16;17;18'),
(4703, '1', '2;3;4;5;6;7;8;9;10;12;13;14;15;16;17;18'),
(4704, '1', '2;3;4;5;6;7;8;9;10;12;13;14;15;16;17;18'),
(4705, '1', '2;3;4;5;6;7;8;9;10;12;13;14;15;16;17;18'),
(4706, '1', '2;3;4;5;6;7;8;9;10;12;13;14;15;16;17;18'),
(4707, '1', '2;3;4;5;6;7;8;9;10;12;13;14;15;16;17;18'),
(4708, '1', '2;3;4;5;6;7;8;9;10;12;13;14;15;16;17;18'),
(4709, '1', '2;3;4;5;6;7;8;9;10;12;13;14;15;16;17;18'),
(4710, '1', '2;3;4;5;6;7;8;9;10;12;13;14;15;16;17;18'),
(4711, '1', '2;3;4;5;6;7;8;9;10;12;13;14;15;16;17;18'),
(4712, '1', '2;3;4;5;6;7;8;9;10;12;13;14;15;16;17;18'),
(4713, '1', '2;3;4;5;6;7;8;9;10;12;13;14;15;16;17;18'),
(4714, '1', '2;3;4;5;6;7;8;9;10;12;13;14;15;16;17;18'),
(4715, '1', '2;3;4;5;6;7;8;9;10;12;13;14;15;16;17;18'),
(4716, '1', '2;3;4;5;6;7;8;9;10;12;13;14;15;16;17;18'),
(4717, '1', '2;3;4;5;6;7;8;9;10;12;13;14;15;16;17;18'),
(4718, '1', '2;3;4;5;6;7;8;9;10;12;13;14;15;16;17;18'),
(4719, '1', '2;3;4;5;6;7;8;9;10;12;13;14;15;16;17;18'),
(4720, '1', '2;3;4;5;6;7;8;9;10;12;13;14;15;16;17;18'),
(4721, '1', '2;3;4;5;6;7;8;9;10;12;13;14;15;16;17;18'),
(4722, '1', '2;3;4;5;6;7;8;9;10;12;13;14;15;16;17;18'),
(4723, '1', '2;3;4;5;6;7;8;9;10;12;13;14;15;16;17;18'),
(4724, '1', '2;3;4;5;6;7;8;9;10;12;13;14;15;16;17;18'),
(4725, '1', '2;3;4;5;6;7;8;9;10;12;13;14;15;16;17;18'),
(4726, '1', '2;3;4;5;6;7;8;9;10;12;13;14;15;16;17;18'),
(4727, '1', '2;3;4;5;6;7;8;9;10;12;13;14;15;16;17;18'),
(4728, '1', '2;3;4;5;6;7;8;9;10;12;13;14;15;16;17;18'),
(4729, '1', '2;3;4;5;6;7;8;9;10;12;13;14;15;16;17;18'),
(4730, '1', '2;3;4;5;6;7;8;9;10;12;13;14;15;16;17;18'),
(4731, '1', '2;3;4;5;6;7;8;9;10;12;13;14;15;16;17;18'),
(4732, '1', '2;3;4;5;6;7;8;9;10;12;13;14;15;16;17;18'),
(4733, '1', '2;3;4;5;6;7;8;9;10;12;13;14;15;16;17;18'),
(4734, '1', '2;3;4;5;6;7;8;9;10;12;13;14;15;16;17;18'),
(4735, '1', '2;3;4;5;6;7;8;9;10;12;13;14;15;16;17;18'),
(4736, '1', '2;3;4;5;6;7;8;9;10;12;13;14;15;16;17;18'),
(4737, '1', '2;3;4;5;6;7;8;9;10;12;13;14;15;16;17;18'),
(4738, '1', '2;3;4;5;6;7;8;9;10;12;13;14;15;16;17;18'),
(4739, '1', '2;3;4;5;6;7;8;9;10;12;13;14;15;16;17;18'),
(4740, '1', '2;3;4;5;6;7;8;9;10;12;13;14;15;16;17;18'),
(4741, '1', '2;3;4;5;6;7;8;9;10;12;13;14;15;16;17;18'),
(4742, '1', '2;3;4;5;6;7;8;9;10;12;13;14;15;16;17;18'),
(4743, '1', '2;3;4;5;6;7;8;9;10;12;13;14;15;16;17;18'),
(4744, '1', '2;3;4;5;6;7;8;9;10;12;13;14;15;16;17;18'),
(4745, '1', '2;3;4;5;6;7;8;9;10;12;13;14;15;16;17;18'),
(4746, '1', '2;3;4;5;6;7;8;9;10;12;13;14;15;16;17;18'),
(4747, '1', '2;3;4;5;6;7;8;9;10;12;13;14;15;16;17;18'),
(4748, '1', '2;3;4;5;6;7;8;9;10;12;13;14;15;16;17;18'),
(4749, '1', '2;3;4;5;6;7;8;9;10;12;13;14;15;16;17;18'),
(4750, '1', '2;3;4;5;6;7;8;9;10;12;13;14;15;16;17;18'),
(4751, '1', '2;3;4;5;6;7;8;9;10;12;13;14;15;16;17;18'),
(4752, '1', '2;3;4;5;6;7;8;9;10;12;13;14;15;16;17;18'),
(4753, '1', '2;3;4;5;6;7;8;9;10;12;13;14;15;16;17;18'),
(4754, '1', '2;3;4;5;6;7;8;9;10;12;13;14;15;16;17;18'),
(4755, '1', '2;3;4;5;6;7;8;9;10;12;13;14;15;16;17;18'),
(4756, '1', '2;3;4;5;6;7;8;9;10;12;13;14;15;16;17;18'),
(4757, '1', '2;3;4;5;6;7;8;9;10;12;13;14;15;16;17;18'),
(4758, '1', '2;3;4;5;6;7;8;9;10;12;13;14;15;16;17;18'),
(4759, '1', '2;3;4;5;6;7;8;9;10;12;13;14;15;16;17;18'),
(4760, '1', '2;3;4;5;6;7;8;9;10;12;13;14;15;16;17;18'),
(4761, '1', '2;3;4;5;6;7;8;9;10;12;13;14;15;16;17;18'),
(4762, '1', '2;3;4;5;6;7;8;9;10;12;13;14;15;16;17;18'),
(4763, '1', '2;3;4;5;6;7;8;9;10;12;13;14;15;16;17;18'),
(4764, '1', '2;3;4;5;6;7;8;9;10;12;13;14;15;16;17;18'),
(4765, '1', '2;3;4;5;6;7;8;9;10;12;13;14;15;16;17;18'),
(4766, '1', '2;3;4;5;6;7;8;9;10;12;13;14;15;16;17;18'),
(4767, '1', '2;3;4;5;6;7;8;9;10;12;13;14;15;16;17;18'),
(4768, '1', '2;3;4;5;6;7;8;9;10;12;13;14;15;16;17;18'),
(4769, '1', '2;3;4;5;6;7;8;9;10;12;13;14;15;16;17;18'),
(4770, '1', '2;3;4;5;6;7;8;9;10;12;13;14;15;16;17;18'),
(4771, '1', '2;3;4;5;6;7;8;9;10;12;13;14;15;16;17;18'),
(4772, '1', '2;3;4;5;6;7;8;9;10;12;13;14;15;16;17;18'),
(4773, '1', '2;3;4;5;6;7;8;9;10;12;13;14;15;16;17;18'),
(4774, '1', '2;3;4;5;6;7;8;9;10;12;13;14;15;16;17;18'),
(4775, '1', '2;3;4;5;6;7;8;9;10;12;13;14;15;16;17;18'),
(4776, '1', '2;3;4;5;6;7;8;9;10;12;13;14;15;16;17;18'),
(4777, '1', '2;3;4;5;6;7;8;9;10;12;13;14;15;16;17;18'),
(4778, '1', '2;3;4;5;6;7;8;9;10;12;13;14;15;16;17;18'),
(4779, '1', '2;3;4;5;6;7;8;9;10;12;13;14;15;16;17;18'),
(4780, '1', '2;3;4;5;6;7;8;9;10;12;13;14;15;16;17;18'),
(4781, '1', '2;3;4;5;6;7;8;9;10;12;13;14;15;16;17;18'),
(4782, '1', '2;3;4;5;6;7;8;9;10;12;13;14;15;16;17;18'),
(4783, '1', '2;3;4;5;6;7;8;9;10;12;13;14;15;16;17;18'),
(4784, '1', '2;3;4;5;6;7;8;9;10;12;13;14;15;16;17;18'),
(4785, '1', '2;3;4;5;6;7;8;9;10;12;13;14;15;16;17;18'),
(4786, '1', '2;3;4;5;6;7;8;9;10;12;13;14;15;16;17;18'),
(4787, '1', '2;3;4;5;6;7;8;9;10;12;13;14;15;16;17;18'),
(4788, '1', '2;3;4;5;6;7;8;9;10;12;13;14;15;16;17;18'),
(4789, '1', '2;3;4;5;6;7;8;9;10;12;13;14;15;16;17;18'),
(4790, '1', '2;3;4;5;6;7;8;9;10;12;13;14;15;16;17;18'),
(4791, '1', '2;3;4;5;6;7;8;9;10;12;13;14;15;16;17;18'),
(4792, '1', '2;3;4;5;6;7;8;9;10;12;13;14;15;16;17;18'),
(4793, '1', '2;3;4;5;6;7;8;9;10;12;13;14;15;16;17;18'),
(4794, '1', '2;3;4;5;6;7;8;9;10;12;13;14;15;16;17;18'),
(4795, '1', '2;3;4;5;6;7;8;9;10;12;13;14;15;16;17;18'),
(4796, '1', '2;3;4;5;6;7;8;9;10;12;13;14;15;16;17;18'),
(4797, '1', '2;3;4;5;6;7;8;9;10;12;13;14;15;16;17;18'),
(4798, '1', '2;3;4;5;6;7;8;9;10;12;13;14;15;16;17;18'),
(4799, '1', '2;3;4;5;6;7;8;9;10;12;13;14;15;16;17;18'),
(4800, '1', '2;3;4;5;6;7;8;9;10;12;13;14;15;16;17;18'),
(4801, '1', '2;3;4;5;6;7;8;9;10;12;13;14;15;16;17;18'),
(4802, '1', '2;3;4;5;6;7;8;9;10;12;13;14;15;16;17;18'),
(4803, '1', '2;3;4;5;6;7;8;9;10;12;13;14;15;16;17;18'),
(4804, '1', '2;3;4;5;6;7;8;9;10;12;13;14;15;16;17;18'),
(4805, '1', '2;3;4;5;6;7;8;9;10;12;13;14;15;16;17;18'),
(4806, '1', '2;3;4;5;6;7;8;9;10;12;13;14;15;16;17;18'),
(4807, '1', '2;3;4;5;6;7;8;9;10;12;13;14;15;16;17;18'),
(4808, '1', '2;3;4;5;6;7;8;9;10;12;13;14;15;16;17;18'),
(4809, '1', '2;3;4;5;6;7;8;9;10;12;13;14;15;16;17;18'),
(4810, '1', '2;3;4;5;6;7;8;9;10;12;13;14;15;16;17;18'),
(4811, '1', '2;3;4;5;6;7;8;9;10;12;13;14;15;16;17;18'),
(4812, '1', '2;3;4;5;6;7;8;9;10;12;13;14;15;16;17;18'),
(4813, '1', '2;3;4;5;6;7;8;9;10;12;13;14;15;16;17;18'),
(4814, '1', '2;3;4;5;6;7;8;9;10;12;13;14;15;16;17;18'),
(4815, '1', '2;3;4;5;6;7;8;9;10;12;13;14;15;16;17;18'),
(4816, '1', '2;3;4;5;6;7;8;9;10;12;13;14;15;16;17;18'),
(4817, '1', '2;3;4;5;6;7;8;9;10;12;13;14;15;16;17;18'),
(4818, '1', '2;3;4;5;6;7;8;9;10;12;13;14;15;16;17;18'),
(4819, '1', '2;3;4;5;6;7;8;9;10;12;13;14;15;16;17;18'),
(4820, '1', '2;3;4;5;6;7;8;9;10;12;13;14;15;16;17;18'),
(4821, '1', '2;3;4;5;6;7;8;9;10;12;13;14;15;16;17;18'),
(4822, '1', '2;3;4;5;6;7;8;9;10;12;13;14;15;16;17;18'),
(4823, '1', '2;3;4;5;6;7;8;9;10;12;13;14;15;16;17;18'),
(4824, '1', '2;3;4;5;6;7;8;9;10;12;13;14;15;16;17;18'),
(4825, '1', '2;3;4;5;6;7;8;9;10;12;13;14;15;16;17;18'),
(4826, '1', '2;3;4;5;6;7;8;9;10;12;13;14;15;16;17;18'),
(4827, '1', '2;3;4;5;6;7;8;9;10;12;13;14;15;16;17;18'),
(4828, '1', '2;3;4;5;6;7;8;9;10;12;13;14;15;16;17;18'),
(4829, '1', '2;3;4;5;6;7;8;9;10;12;13;14;15;16;17;18'),
(4830, '1', '2;3;4;5;6;7;8;9;10;12;13;14;15;16;17;18'),
(4831, '1', '2;3;4;5;6;7;8;9;10;12;13;14;15;16;17;18'),
(4832, '1', '2;3;4;5;6;7;8;9;10;12;13;14;15;16;17;18'),
(4833, '1', '2;3;4;5;6;7;8;9;10;12;13;14;15;16;17;18'),
(4834, '1', '2;3;4;5;6;7;8;9;10;12;13;14;15;16;17;18'),
(4835, '1', '2;3;4;5;6;7;8;9;10;12;13;14;15;16;17;18'),
(4836, '1', '2;3;4;5;6;7;8;9;10;12;13;14;15;16;17;18'),
(4837, '1', '2;3;4;5;6;7;8;9;10;12;13;14;15;16;17;18'),
(4838, '1', '2;3;4;5;6;7;8;9;10;12;13;14;15;16;17;18'),
(4839, '1', '2;3;4;5;6;7;8;9;10;12;13;14;15;16;17;18'),
(4840, '1', '2;3;4;5;6;7;8;9;10;12;13;14;15;16;17;18'),
(4841, '1', '2;3;4;5;6;7;8;9;10;12;13;14;15;16;17;18'),
(4842, '1', '2;3;4;5;6;7;8;9;10;12;13;14;15;16;17;18'),
(4843, '1', '2;3;4;5;6;7;8;9;10;12;13;14;15;16;17;18'),
(4844, '1', '2;3;4;5;6;7;8;9;10;12;13;14;15;16;17;18'),
(4845, '1', '2;3;4;5;6;7;8;9;10;12;13;14;15;16;17;18'),
(4846, '1', '2;3;4;5;6;7;8;9;10;12;13;14;15;16;17;18'),
(4847, '1', '2;3;4;5;6;7;8;9;10;12;13;14;15;16;17;18'),
(4848, '1', '2;3;4;5;6;7;8;9;10;12;13;14;15;16;17;18'),
(4849, '1', '2;3;4;5;6;7;8;9;10;12;13;14;15;16;17;18'),
(4850, '1', '2;3;4;5;6;7;8;9;10;12;13;14;15;16;17;18'),
(4851, '1', '2;3;4;5;6;7;8;9;10;12;13;14;15;16;17;18'),
(4852, '1', '2;3;4;5;6;7;8;9;10;12;13;14;15;16;17;18'),
(4853, '1', '2;3;4;5;6;7;8;9;10;12;13;14;15;16;17;18'),
(4854, '1', '2;3;4;5;6;7;8;9;10;12;13;14;15;16;17;18'),
(4855, '1', '2;3;4;5;6;7;8;9;10;12;13;14;15;16;17;18'),
(4856, '1', '2;3;4;5;6;7;8;9;10;12;13;14;15;16;17;18'),
(4857, '1', '2;3;4;5;6;7;8;9;10;12;13;14;15;16;17;18'),
(4858, '1', '2;3;4;5;6;7;8;9;10;12;13;14;15;16;17;18'),
(4859, '1', '2;3;4;5;6;7;8;9;10;12;13;14;15;16;17;18'),
(4860, '1', '2;3;4;5;6;7;8;9;10;12;13;14;15;16;17;18'),
(4861, '1', '2;3;4;5;6;7;8;9;10;12;13;14;15;16;17;18'),
(4862, '1', '2;3;4;5;6;7;8;9;10;12;13;14;15;16;17;18'),
(4863, '1', '2;3;4;5;6;7;8;9;10;12;13;14;15;16;17;18'),
(4864, '1', '2;3;4;5;6;7;8;9;10;12;13;14;15;16;17;18'),
(4865, '1', '2;3;4;5;6;7;8;9;10;12;13;14;15;16;17;18'),
(4866, '1', '2;3;4;5;6;7;8;9;10;12;13;14;15;16;17;18'),
(4867, '1', '2;3;4;5;6;7;8;9;10;12;13;14;15;16;17;18'),
(4868, '1', '2;3;4;5;6;7;8;9;10;12;13;14;15;16;17;18'),
(4869, '1', '2;3;4;5;6;7;8;9;10;12;13;14;15;16;17;18'),
(4870, '1', '2;3;4;5;6;7;8;9;10;12;13;14;15;16;17;18'),
(4871, '1', '2;3;4;5;6;7;8;9;10;12;13;14;15;16;17;18'),
(4872, '1', '2;3;4;5;6;7;8;9;10;12;13;14;15;16;17;18'),
(4873, '1', '2;3;4;5;6;7;8;9;10;12;13;14;15;16;17;18'),
(4874, '1', '2;3;4;5;6;7;8;9;10;12;13;14;15;16;17;18'),
(4875, '1', '2;3;4;5;6;7;8;9;10;12;13;14;15;16;17;18'),
(4876, '1', '2;3;4;5;6;7;8;9;10;12;13;14;15;16;17;18'),
(4877, '1', '2;3;4;5;6;7;8;9;10;12;13;14;15;16;17;18'),
(4878, '1', '2;3;4;5;6;7;8;9;10;12;13;14;15;16;17;18'),
(4879, '1', '2;3;4;5;6;7;8;9;10;12;13;14;15;16;17;18'),
(4880, '1', '2;3;4;5;6;7;8;9;10;12;13;14;15;16;17;18'),
(4881, '1', '2;3;4;5;6;7;8;9;10;12;13;14;15;16;17;18'),
(4882, '1', '2;3;4;5;6;7;8;9;10;12;13;14;15;16;17;18'),
(4883, '1', '2;3;4;5;6;7;8;9;10;12;13;14;15;16;17;18'),
(4884, '1', '2;3;4;5;6;7;8;9;10;12;13;14;15;16;17;18'),
(4885, '1', '2;3;4;5;6;7;8;9;10;12;13;14;15;16;17;18'),
(4886, '1', '2;3;4;5;6;7;8;9;10;12;13;14;15;16;17;18'),
(4887, '1', '2;3;4;5;6;7;8;9;10;12;13;14;15;16;17;18'),
(4888, '1', '2;3;4;5;6;7;8;9;10;12;13;14;15;16;17;18'),
(4889, '1', '2;3;4;5;6;7;8;9;10;12;13;14;15;16;17;18'),
(4890, '1', '2;3;4;5;6;7;8;9;10;12;13;14;15;16;17;18'),
(4891, '1', '2;3;4;5;6;7;8;9;10;12;13;14;15;16;17;18'),
(4892, '1', '2;3;4;5;6;7;8;9;10;12;13;14;15;16;17;18'),
(4893, '1', '2;3;4;5;6;7;8;9;10;12;13;14;15;16;17;18'),
(4894, '1', '2;3;4;5;6;7;8;9;10;12;13;14;15;16;17;18'),
(4895, '1', '2;3;4;5;6;7;8;9;10;12;13;14;15;16;17;18'),
(4896, '1', '2;3;4;5;6;7;8;9;10;12;13;14;15;16;17;18'),
(4897, '1', '2;3;4;5;6;7;8;9;10;12;13;14;15;16;17;18'),
(4898, '1', '2;3;4;5;6;7;8;9;10;12;13;14;15;16;17;18'),
(4899, '1', '2;3;4;5;6;7;8;9;10;12;13;14;15;16;17;18'),
(4900, '1', '2;3;4;5;6;7;8;9;10;12;13;14;15;16;17;18'),
(4901, '1', '2;3;4;5;6;7;8;9;10;12;13;14;15;16;17;18'),
(4902, '1', '2;3;4;5;6;7;8;9;10;12;13;14;15;16;17;18'),
(4903, '1', '2;3;4;5;6;7;8;9;10;12;13;14;15;16;17;18'),
(4904, '1', '2;3;4;5;6;7;8;9;10;12;13;14;15;16;17;18'),
(4905, '1', '2;3;4;5;6;7;8;9;10;12;13;14;15;16;17;18'),
(4906, '1', '2;3;4;5;6;7;8;9;10;12;13;14;15;16;17;18'),
(4907, '1', '2;3;4;5;6;7;8;9;10;12;13;14;15;16;17;18'),
(4908, '1', '2;3;4;5;6;7;8;9;10;12;13;14;15;16;17;18'),
(4909, '1', '2;3;4;5;6;7;8;9;10;12;13;14;15;16;17;18'),
(4910, '1', '2;3;4;5;6;7;8;9;10;12;13;14;15;16;17;18'),
(4911, '1', '2;3;4;5;6;7;8;9;10;12;13;14;15;16;17;18'),
(4912, '1', '2;3;4;5;6;7;8;9;10;12;13;14;15;16;17;18'),
(4913, '1', '2;3;4;5;6;7;8;9;10;12;13;14;15;16;17;18'),
(4914, '1', '2;3;4;5;6;7;8;9;10;12;13;14;15;16;17;18'),
(4915, '1', '2;3;4;5;6;7;8;9;10;12;13;14;15;16;17;18'),
(4916, '1', '2;3;4;5;6;7;8;9;10;12;13;14;15;16;17;18'),
(4917, '1', '2;3;4;5;6;7;8;9;10;12;13;14;15;16;17;18'),
(4918, '1', '2;3;4;5;6;7;8;9;10;12;13;14;15;16;17;18'),
(4919, '1', '2;3;4;5;6;7;8;9;10;12;13;14;15;16;17;18'),
(4920, '1', '2;3;4;5;6;7;8;9;10;12;13;14;15;16;17;18'),
(4921, '1', '2;3;4;5;6;7;8;9;10;12;13;14;15;16;17;18'),
(4922, '1', '2;3;4;5;6;7;8;9;10;12;13;14;15;16;17;18'),
(4923, '1', '2;3;4;5;6;7;8;9;10;12;13;14;15;16;17;18'),
(4924, '1', '2;3;4;5;6;7;8;9;10;12;13;14;15;16;17;18'),
(4925, '1', '2;3;4;5;6;7;8;9;10;12;13;14;15;16;17;18'),
(4926, '1', '2;3;4;5;6;7;8;9;10;12;13;14;15;16;17;18'),
(4927, '1', '2;3;4;5;6;7;8;9;10;12;13;14;15;16;17;18'),
(4928, '1', '2;3;4;5;6;7;8;9;10;12;13;14;15;16;17;18'),
(4929, '1', '2;3;4;5;6;7;8;9;10;12;13;14;15;16;17;18'),
(4930, '1', '2;3;4;5;6;7;8;9;10;12;13;14;15;16;17;18'),
(4931, '1', '2;3;4;5;6;7;8;9;10;12;13;14;15;16;17;18'),
(4932, '1', '2;3;4;5;6;7;8;9;10;12;13;14;15;16;17;18'),
(4933, '1', '2;3;4;5;6;7;8;9;10;12;13;14;15;16;17;18'),
(4934, '1', '2;3;4;5;6;7;8;9;10;12;13;14;15;16;17;18'),
(4935, '1', '2;3;4;5;6;7;8;9;10;12;13;14;15;16;17;18'),
(4936, '1', '2;3;4;5;6;7;8;9;10;12;13;14;15;16;17;18'),
(4937, '1', '2;3;4;5;6;7;8;9;10;12;13;14;15;16;17;18'),
(4938, '1', '2;3;4;5;6;7;8;9;10;12;13;14;15;16;17;18'),
(4939, '1', '2;3;4;5;6;7;8;9;10;12;13;14;15;16;17;18'),
(4940, '1', '2;3;4;5;6;7;8;9;10;12;13;14;15;16;17;18'),
(4941, '1', '2;3;4;5;6;7;8;9;10;12;13;14;15;16;17;18'),
(4942, '1', '2;3;4;5;6;7;8;9;10;12;13;14;15;16;17;18'),
(4943, '1', '2;3;4;5;6;7;8;9;10;12;13;14;15;16;17;18'),
(4944, '1', '2;3;4;5;6;7;8;9;10;12;13;14;15;16;17;18'),
(4945, '1', '2;3;4;5;6;7;8;9;10;12;13;14;15;16;17;18'),
(4946, '1', '2;3;4;5;6;7;8;9;10;12;13;14;15;16;17;18'),
(4947, '1', '2;3;4;5;6;7;8;9;10;12;13;14;15;16;17;18'),
(4948, '1', '2;3;4;5;6;7;8;9;10;12;13;14;15;16;17;18'),
(4949, '1', '2;3;4;5;6;7;8;9;10;12;13;14;15;16;17;18'),
(4950, '1', '2;3;4;5;6;7;8;9;10;12;13;14;15;16;17;18'),
(4951, '1', '2;3;4;5;6;7;8;9;10;12;13;14;15;16;17;18'),
(4952, '1', '2;3;4;5;6;7;8;9;10;12;13;14;15;16;17;18'),
(4953, '1', '2;3;4;5;6;7;8;9;10;12;13;14;15;16;17;18'),
(4954, '1', '2;3;4;5;6;7;8;9;10;12;13;14;15;16;17;18'),
(4955, '1', '2;3;4;5;6;7;8;9;10;12;13;14;15;16;17;18'),
(4956, '1', '2;3;4;5;6;7;8;9;10;12;13;14;15;16;17;18'),
(4957, '1', '2;3;4;5;6;7;8;9;10;12;13;14;15;16;17;18'),
(4958, '1', '2;3;4;5;6;7;8;9;10;12;13;14;15;16;17;18'),
(4959, '1', '2;3;4;5;6;7;8;9;10;12;13;14;15;16;17;18'),
(4960, '1', '2;3;4;5;6;7;8;9;10;12;13;14;15;16;17;18'),
(4961, '1', '2;3;4;5;6;7;8;9;10;12;13;14;15;16;17;18'),
(4962, '1', '2;3;4;5;6;7;8;9;10;12;13;14;15;16;17;18'),
(4963, '1', '2;3;4;5;6;7;8;9;10;12;13;14;15;16;17;18'),
(4964, '1', '2;3;4;5;6;7;8;9;10;12;13;14;15;16;17;18'),
(4965, '1', '2;3;4;5;6;7;8;9;10;12;13;14;15;16;17;18'),
(4966, '1', '2;3;4;5;6;7;8;9;10;12;13;14;15;16;17;18'),
(4967, '1', '2;3;4;5;6;7;8;9;10;12;13;14;15;16;17;18'),
(4968, '1', '2;3;4;5;6;7;8;9;10;12;13;14;15;16;17;18'),
(4969, '1', '2;3;4;5;6;7;8;9;10;12;13;14;15;16;17;18'),
(4970, '1', '2;3;4;5;6;7;8;9;10;12;13;14;15;16;17;18'),
(4971, '1', '2;3;4;5;6;7;8;9;10;12;13;14;15;16;17;18'),
(4972, '1', '2;3;4;5;6;7;8;9;10;12;13;14;15;16;17;18'),
(4973, '1', '2;3;4;5;6;7;8;9;10;12;13;14;15;16;17;18'),
(4974, '1', '2;3;4;5;6;7;8;9;10;12;13;14;15;16;17;18'),
(4975, '1', '2;3;4;5;6;7;8;9;10;12;13;14;15;16;17;18'),
(4976, '1', '2;3;4;5;6;7;8;9;10;12;13;14;15;16;17;18'),
(4977, '1', '2;3;4;5;6;7;8;9;10;12;13;14;15;16;17;18'),
(4978, '1', '2;3;4;5;6;7;8;9;10;12;13;14;15;16;17;18'),
(4979, '1', '2;3;4;5;6;7;8;9;10;12;13;14;15;16;17;18'),
(4980, '1', '2;3;4;5;6;7;8;9;10;12;13;14;15;16;17;18'),
(4981, '1', '2;3;4;5;6;7;8;9;10;12;13;14;15;16;17;18'),
(4982, '1', '2;3;4;5;6;7;8;9;10;12;13;14;15;16;17;18'),
(4983, '1', '2;3;4;5;6;7;8;9;10;12;13;14;15;16;17;18');

-- --------------------------------------------------------

--
-- Table structure for table `maytinh_tinhtrang`
--

CREATE TABLE IF NOT EXISTS `maytinh_tinhtrang` (
  `autonum` int(11) NOT NULL AUTO_INCREMENT,
  `idmay` int(11) NOT NULL,
  `tinhtrang` varchar(255) DEFAULT NULL,
  `ngayhong` date NOT NULL,
  `ngaysua` date DEFAULT NULL,
  `ghichu` text,
  PRIMARY KEY (`autonum`)
) ENGINE=InnoDB  DEFAULT CHARSET=utf8 AUTO_INCREMENT=14 ;

--
-- Dumping data for table `maytinh_tinhtrang`
--

INSERT INTO `maytinh_tinhtrang` (`autonum`, `idmay`, `tinhtrang`, `ngayhong`, `ngaysua`, `ghichu`) VALUES
(1, 4885, 'Đã Hỏng', '2014-05-29', NULL, 'Máy hư'),
(2, 4884, 'Hoạt Động', '2014-05-29', '2014-05-29', 'Máy hư'),
(3, 4886, 'Đã Hỏng', '2014-05-29', NULL, 'Máy hư'),
(4, 4884, 'Hoạt Động', '2014-05-29', '2014-05-29', 'Máy hư'),
(5, 4890, 'Hoạt Động', '2014-05-29', '2014-05-29', 'Máy hư'),
(6, 4890, 'Đã Hỏng', '2014-05-29', NULL, 'Máy hư'),
(7, 4903, 'Đã Hỏng', '2014-05-29', NULL, 'Máy hư'),
(8, 4899, 'Đã Hỏng', '2014-05-29', NULL, 'Máy hư'),
(9, 4884, 'Hoạt Động', '2014-05-29', '2014-05-29', 'Máy hư'),
(10, 4884, 'Hoạt Động', '2014-05-29', '2014-05-29', 'Máy hư'),
(11, 4385, 'Đã Hỏng', '2014-05-30', NULL, 'Máy hư'),
(12, 4742, 'Hoạt Động', '2014-05-30', '2014-05-30', 'Máy hư'),
(13, 4742, 'Hoạt Động', '2014-05-30', '2014-05-30', 'Máy hư');

-- --------------------------------------------------------

--
-- Table structure for table `phong`
--

CREATE TABLE IF NOT EXISTS `phong` (
  `autoid` int(11) NOT NULL AUTO_INCREMENT,
  `tenphong` varchar(50) DEFAULT NULL,
  `idmaytinh` int(11) NOT NULL,
  PRIMARY KEY (`autoid`)
) ENGINE=InnoDB DEFAULT CHARSET=utf8 AUTO_INCREMENT=1 ;

-- --------------------------------------------------------

--
-- Table structure for table `qlphong`
--

CREATE TABLE IF NOT EXISTS `qlphong` (
  `autonum` int(11) NOT NULL AUTO_INCREMENT,
  `tenphong` varchar(50) NOT NULL,
  `chuthich` varchar(255) DEFAULT NULL,
  `somay` int(11) NOT NULL,
  PRIMARY KEY (`autonum`)
) ENGINE=InnoDB  DEFAULT CHARSET=utf8 AUTO_INCREMENT=35 ;

--
-- Dumping data for table `qlphong`
--

INSERT INTO `qlphong` (`autonum`, `tenphong`, `chuthich`, `somay`) VALUES
(13, 'Phòng SV CNTT', 'CNTT', 50),
(15, 'Phòng SV APECHE', 'SV APECHE', 50),
(16, 'Phòng SV Thuỷ Sản', 'Thuỷ Sản', 50),
(23, 'Phòng SV CNTT', 'Phòng SV CNTT', 50),
(24, 'Phòng SV CNTT', 'Phòng SV CNTT', 50),
(25, 'Phòng SV CNTT', 'Phòng SV CNTT', 50),
(26, 'Phòng SV Thực Tập', 'Phòng SV CNTT', 50),
(27, 'Phòng SV CNTT', 'Phòng SV CNTT', 50),
(28, 'Phòng SV CNTT', 'Phòng SV CNTT', 50),
(29, 'Phòng SV CNTT', 'Phòng SV CNTT', 50),
(30, 'Phòng SV CNTT', 'Phòng SV CNTT', 50),
(31, 'Phòng SV CNTT', 'Phòng SV CNTT', 50),
(32, 'Phòng SV CNTT', 'Phòng SV CNTT', 50),
(33, 'Phòng SV CNTT', 'Phòng SV CNTT', 50),
(34, 'Phòng SV Thuỷ Sản 2', 'Phòng SV Thực Tập', 50);

-- --------------------------------------------------------

--
-- Table structure for table `sms`
--

CREATE TABLE IF NOT EXISTS `sms` (
  `AUTONUMBER` int(11) NOT NULL AUTO_INCREMENT,
  `SENDER` int(10) NOT NULL,
  `TIEUDE` text NOT NULL,
  `SMS` text NOT NULL,
  `TOUSER` int(10) NOT NULL,
  PRIMARY KEY (`AUTONUMBER`)
) ENGINE=InnoDB DEFAULT CHARSET=utf8 AUTO_INCREMENT=1 ;

-- --------------------------------------------------------

--
-- Table structure for table `software`
--

CREATE TABLE IF NOT EXISTS `software` (
  `AUTONUM` int(10) NOT NULL AUTO_INCREMENT,
  `TENPM` varchar(150) NOT NULL,
  `VERSION` varchar(50) NOT NULL,
  `CONGTYSX` varchar(255) NOT NULL,
  `NHOM` varchar(255) DEFAULT NULL,
  `TRAPHI` int(2) DEFAULT NULL,
  `KTBANQUYEN` datetime DEFAULT NULL,
  PRIMARY KEY (`AUTONUM`)
) ENGINE=InnoDB  DEFAULT CHARSET=utf8 AUTO_INCREMENT=19 ;

--
-- Dumping data for table `software`
--

INSERT INTO `software` (`AUTONUM`, `TENPM`, `VERSION`, `CONGTYSX`, `NHOM`, `TRAPHI`, `KTBANQUYEN`) VALUES
(1, 'Microsoft WIndows 7', '6', 'Microsoft', 'HDH', NULL, NULL),
(2, 'XAMP', '2014', 'Tổng Hợp', 'Lập Trình', NULL, NULL),
(3, 'Microsoft Office', '2013', 'Microsoft', 'Văn Phòng', NULL, NULL),
(4, 'Visual Basic', '2010', 'Microsoft', 'Lập Trình', NULL, NULL),
(5, 'SQL Server', '2005', 'Microsoft', 'Lập Trình', NULL, NULL),
(6, 'Dev-C++', '5.0', 'Tổng Hợp', 'Lập Trình', NULL, NULL),
(7, 'Notepad++', '6.4', '', 'Lập Trình', NULL, NULL),
(8, 'Photoshop', 'CC', '', 'Đồ Hoạ', NULL, NULL),
(9, 'Corel DRAW', 'X6', '', 'Đồ Hoạ', NULL, NULL),
(10, 'Norton Internet Security', '2014', '', 'Bảo Mật', NULL, NULL),
(11, 'Bitdefender Internet Security', '2014', '', 'Bảo Mật', NULL, NULL),
(12, 'Mozilla Firefox', '29.0.1', '', 'Văn Phòng', NULL, NULL),
(13, 'Google Chrome', '32', '', 'Văn Phòng', NULL, NULL),
(14, 'Dreamwear', 'CC', '', 'Lập Trình', NULL, NULL),
(15, 'Foxit Reader', '6', '', 'Văn Phòng', NULL, NULL),
(16, 'GoTiengViet', '3', '', 'Văn Phòng', NULL, NULL),
(17, 'Unikey', '4 RC 2', '', 'Văn Phòng', NULL, NULL),
(18, 'PhotoFiltre Studio', 'X', '', 'Đồ Hoạ', NULL, NULL);

-- --------------------------------------------------------

--
-- Table structure for table `thietbi`
--

CREATE TABLE IF NOT EXISTS `thietbi` (
  `MA_TB` varchar(10) NOT NULL,
  `TENTB` varchar(255) NOT NULL,
  `TENMATB` varchar(50) NOT NULL,
  `NHASX` varchar(100) DEFAULT NULL,
  `SOLUONG` int(11) NOT NULL,
  `GIA` int(11) DEFAULT NULL,
  PRIMARY KEY (`MA_TB`)
) ENGINE=InnoDB DEFAULT CHARSET=utf8;

-- --------------------------------------------------------

--
-- Table structure for table `thietbi_status`
--

CREATE TABLE IF NOT EXISTS `thietbi_status` (
  `AUTONUM` int(10) NOT NULL AUTO_INCREMENT,
  `MA_TB` varchar(10) NOT NULL,
  `SERIAL` varchar(100) NOT NULL,
  `VITRI` varchar(255) NOT NULL,
  `SUACHUA_LAST` varchar(255) DEFAULT NULL,
  `HU` text,
  PRIMARY KEY (`AUTONUM`)
) ENGINE=InnoDB DEFAULT CHARSET=utf8 AUTO_INCREMENT=1 ;

-- --------------------------------------------------------

--
-- Table structure for table `thietbi_thungmay`
--

CREATE TABLE IF NOT EXISTS `thietbi_thungmay` (
  `IDTHUNGMAY` varchar(10) NOT NULL,
  `CPU` varchar(150) NOT NULL,
  `RAM` varchar(150) NOT NULL,
  `SLRAM` int(2) NOT NULL,
  `CARDMH` varchar(150) DEFAULT NULL,
  `HDD` varchar(150) NOT NULL,
  `CDROM` varchar(150) DEFAULT NULL,
  `TBKHACN.1` varchar(150) DEFAULT NULL,
  `TBKHACN.2` varchar(150) DEFAULT NULL,
  PRIMARY KEY (`IDTHUNGMAY`)
) ENGINE=InnoDB DEFAULT CHARSET=utf8;

-- --------------------------------------------------------

--
-- Table structure for table `users`
--

CREATE TABLE IF NOT EXISTS `users` (
  `IDNUM` int(10) NOT NULL AUTO_INCREMENT,
  `USERNAME` varchar(40) NOT NULL,
  `HOTEN` varchar(255) DEFAULT NULL,
  `CHUCVU` varchar(255) DEFAULT NULL,
  `PASSWORD` varchar(100) NOT NULL,
  `CLASS` int(11) NOT NULL,
  `EMAIL` varchar(100) DEFAULT NULL,
  `NGAYSINH` datetime DEFAULT NULL,
  `KHOA` text,
  `SDT` varchar(15) DEFAULT NULL,
  `INFO` text,
  `AVATAR` varchar(255) DEFAULT NULL,
  `LAST_IP` varchar(64) DEFAULT NULL,
  PRIMARY KEY (`IDNUM`)
) ENGINE=InnoDB  DEFAULT CHARSET=utf8 AUTO_INCREMENT=11 ;

--
-- Dumping data for table `users`
--

INSERT INTO `users` (`IDNUM`, `USERNAME`, `HOTEN`, `CHUCVU`, `PASSWORD`, `CLASS`, `EMAIL`, `NGAYSINH`, `KHOA`, `SDT`, `INFO`, `AVATAR`, `LAST_IP`) VALUES
(1, 'admin', 'Lê Phương Hiếu', 'Trưởng khoa', '08b92cf74972728219dc1ea097a1fb66', 100, 'phuonghieuag@gmail.com', '1991-05-01 00:00:00', 'CNTT', '09756697775', 'Đẹp trai', NULL, '192.168.1.1'),
(9, 'lhtanh', 'Lê Hoàng Tuấn ANH', 'Giáo viên', '4a5b62d817b57ee56635bbc8ace0d0c5', 90, NULL, NULL, NULL, NULL, NULL, NULL, NULL),
(10, 'nhanh', 'nhanh', 'Sinh viên', 'a72d9c5cd19f8ff01ca194f968a63680', 1, NULL, NULL, NULL, NULL, NULL, NULL, NULL);

-- --------------------------------------------------------

--
-- Table structure for table `vatdung`
--

CREATE TABLE IF NOT EXISTS `vatdung` (
  `autoid` int(11) NOT NULL AUTO_INCREMENT,
  `tenvatdung` varchar(255) DEFAULT NULL,
  PRIMARY KEY (`autoid`)
) ENGINE=InnoDB  DEFAULT CHARSET=utf8 AUTO_INCREMENT=5 ;

--
-- Dumping data for table `vatdung`
--

INSERT INTO `vatdung` (`autoid`, `tenvatdung`) VALUES
(1, 'Vít'),
(2, 'DVD-ROM'),
(3, 'Cọ'),
(4, NULL);

/*!40101 SET CHARACTER_SET_CLIENT=@OLD_CHARACTER_SET_CLIENT */;
/*!40101 SET CHARACTER_SET_RESULTS=@OLD_CHARACTER_SET_RESULTS */;
/*!40101 SET COLLATION_CONNECTION=@OLD_COLLATION_CONNECTION */;
